"consumo_energia","num_moradores","area_m2","temperatura_media","renda_familiar","uso_ar_condicionado","tipo_construcao","equipamentos_eletro","potencia_total_equipamentos"
233.798126783035,3,121.125662758897,15.5736327202906,7865.27087770441,"Sim","Casa",7,8.22768804192502
260.52006613764,6,121.977096986147,17.9357138909715,4534.8767890612,"Sim","Casa",10,14.3208078213295
255.928650746119,3,150.850536440433,24.9345504264412,7853.66691591028,"Sim","Apartamento",5,5.17063520260237
243.958383039954,2,104.55417831333,25.146355511861,5523.92244563543,"Sim","Casa",12,15.8313895158682
289.168245295413,2,138.698292742872,20.7600508126385,6144.20409280045,"Sim","Apartamento",10,12.2466301612181
267.610273115314,6,125.218592809262,23.0691248924664,6039.17060854808,"Não","Casa",9,10.3834118837565
284.000386298031,3,118.956573457795,20.5219748351204,7999.13526266063,"Sim","Casa",15,17.0333705711642
268.656693744056,5,149.424706954478,24.1111582870804,2400.45100380035,"Sim","Apartamento",2,1.8493409853941
264.297770168789,4,124.157766309653,23.4687643342583,7534.79094519347,"Sim","Casa",9,10.3861300141553
212.371244284466,6,87.114914812215,25.9629558461531,2983.09458957376,"Sim","Apartamento",8,11.2359322552646
265.476393757533,6,81.4887357696643,24.1781327509284,6463.74190023226,"Sim","Apartamento",6,6.02794061829584
187.8472825796,1,109.724427273159,22.1700703745248,5729.92887798296,"Não","Casa",6,9.66498560064657
209.411962964709,2,98.5080387682868,19.5541552167925,5546.40487323081,"Sim","Casa",7,8.14382216092349
259.004955205053,3,82.8196419900735,22.31931554742,5882.54626921289,"Sim","Casa",10,11.0195371348396
258.335451443811,5,100.244741947246,20.7078106428105,5896.96337669607,"Sim","Casa",4,3.73813570419161
253.144356926902,3,65.2105948565498,21.4230189912853,5949.52591902837,"Sim","Casa",14,17.0821582295351
254.031405428768,3,107.441882306576,22.9645467448737,6004.99996364739,"Sim","Casa",9,13.4220521958339
212.819426140556,1,109.013879667743,22.8108962741627,2854.87417091765,"Sim","Casa",12,14.0636087412678
243.024315553584,4,111.17996659675,16.8695486934289,7674.65164254296,"Sim","Casa",8,9.45642667772513
163.678611578429,1,119.306321011639,22.9682764242702,2422.17799356908,"Não","Casa",12,14.7076086073187
242.97401294461,1,130.871981531579,21.2172985859765,7613.09138972463,"Sim","Apartamento",10,12.0951175471091
214.367957940202,5,105.998568517636,21.0709255013376,4765.51698698744,"Sim","Apartamento",7,7.28750335409051
245.511120268145,3,128.955408307187,14.6625997129789,5621.42056002075,"Sim","Casa",10,13.482436798697
212.701298134806,2,91.4187555948498,17.6589042762452,6527.67573410066,"Não","Casa",15,16.1542136511525
266.220879481972,2,140.026217359572,22.6521334031658,7550.81756790267,"Sim","Apartamento",15,16.5298794572022
238.275735572778,1,122.617156178317,23.6967169548045,3059.66758493798,"Sim","Casa",12,13.7768530006803
227.098454332102,6,116.72371657325,23.3489081588877,3322.09112928675,"Sim","Casa",6,6.78233858925034
247.714200897177,3,99.6752340840434,22.5371117356471,5694.02261374725,"Sim","Casa",11,14.7811490213146
305.984906382059,4,170.964679692536,20.8246439766539,8084.9820452588,"Não","Apartamento",10,11.0654115721743
259.968269269572,6,131.574930065861,22.2385486767479,5431.14246973748,"Não","Casa",8,9.33271226661356
238.702614905307,1,127.402710863801,22.0776625109815,8366.78116554132,"Não","Apartamento",4,4.30142144208245
192.061400525248,3,42.3920473051404,22.7150321177161,5167.55550851096,"Sim","Apartamento",8,12.0058257461719
200.427215205833,5,61.1069093913469,22.9720747171864,5969.59556871936,"Não","Casa",12,16.5732321911807
289.950515692614,4,118.16085515104,22.5080486096237,8788.97949947746,"Sim","Casa",8,8.01240052494543
246.621851183588,2,146.857576126909,26.224395289265,7857.42072911137,"Não","Casa",8,10.2547715075183
286.882877070073,5,119.158236855565,25.0297540388025,4843.64999237827,"Sim","Casa",9,8.85419778917637
208.906788795441,1,90.0075895005023,22.7661784304113,4923.65766331678,"Sim","Apartamento",7,7.15638985458982
221.691755501113,1,115.211881181922,23.995269666601,7126.4983571541,"Não","Casa",14,15.9275831364429
245.300976850713,2,104.169190561562,14.2325851847883,11502.2085669357,"Sim","Casa",9,9.52904728660209
224.291883112496,3,126.484693684145,21.2682492135671,4571.12855298535,"Não","Apartamento",11,13.5428899379702
231.640247704918,4,92.4313505850308,18.6821130845418,5196.59925038004,"Não","Casa",13,15.1302215003332
239.752935684392,5,92.9821603581053,25.8422121069662,5092.63044642141,"Sim","Apartamento",7,8.85930319218393
248.510300313172,5,128.658263726644,22.0483349502051,3045.15368775349,"Sim","Casa",12,16.2444563358013
282.139482887873,3,147.866543821378,19.9791085417612,724.163937462077,"Sim","Apartamento",12,16.156654387069
315.153374970278,6,170.191416361202,23.2515187987307,4834.83504133846,"Sim","Apartamento",17,17.2930670323554
241.909441216539,1,128.565432716401,27.447047540734,3623.16322844868,"Sim","Casa",7,8.01838243454731
160.972588449345,2,108.822526771769,20.2946309963791,5694.17083743404,"Não","Apartamento",8,10.3145948101531
227.331029707276,5,76.9835173187507,20.7703767676083,5051.30012485298,"Sim","Casa",12,16.1472538685703
301.997627932002,5,93.4659623968878,20.4626943364413,3761.62012255146,"Sim","Casa",13,14.7442268337233
285.685580256229,4,153.72548822994,20.2832725669185,6126.47130959697,"Sim","Apartamento",12,14.59174189296
277.161097443884,5,98.3158261014145,24.7084827538567,5292.07709662872,"Sim","Casa",13,18.0480879448336
242.323165312727,2,133.879948712774,19.7559641853133,5698.45592314296,"Não","Apartamento",15,18.298490804514
146.790965264988,1,110.623394113965,21.7597029683824,2733.07572113517,"Não","Casa",6,10.0138546017123
238.68910485206,1,145.447634913591,18.8341554448843,6843.93867474053,"Não","Casa",8,6.27486729759129
218.351488021012,3,117.440412704508,22.8161093132017,5999.51705316082,"Sim","Casa",7,11.4508167030911
232.287255957089,1,98.5396471418705,21.4141546010117,5353.15650148665,"Sim","Casa",6,3.63752078758565
209.498006932789,6,97.8991179701707,18.149202120056,4682.0887002483,"Não","Casa",15,19.6996240644163
253.90332334699,5,119.783320830258,20.0744771506955,5847.48956258618,"Sim","Casa",7,9.99483474131556
216.946848230329,1,141.014336113749,19.0880102709966,4387.06960100774,"Não","Casa",8,9.03013907616718
258.76746819846,2,168.791770351488,18.1229614310444,4612.21956158832,"Sim","Apartamento",10,11.5034991088847
296.005760666349,4,168.739826903181,19.4118879455649,7068.39461139121,"Sim","Apartamento",14,17.3333221228768
243.332213437384,4,162.560558959282,15.5144026470064,3791.62627285172,"Não","Apartamento",7,8.65483289855321
266.161668855374,6,90.2851974155247,26.1042309211539,9982.48109434824,"Não","Casa",12,14.7588578907371
308.741070889939,6,138.401047356104,20.5094804710401,2240.15965162301,"Sim","Casa",13,17.5710098423653
282.754398142507,3,105.335213071543,22.4691234009056,7414.34494722179,"Não","Casa",13,15.9439124651871
246.728683670109,6,107.32238155965,22.1272928336684,4468.77265583527,"Não","Casa",13,12.5036169434539
297.18108351112,6,126.09737028733,22.8994865053189,6544.34351551997,"Não","Apartamento",17,21.0244112842836
290.813053302834,1,164.856899721311,22.0653457387022,7393.17358752254,"Sim","Casa",13,15.1159040958483
258.30618411675,6,81.4414454156512,24.2612679689264,8459.75943480667,"Sim","Casa",8,10.8643702939162
291.939440811672,2,184.395312392706,25.201790853891,8377.16944485725,"Sim","Casa",8,8.2875921772271
163.540605714273,1,115.120633770993,19.991811040128,5086.94335100098,"Não","Casa",4,4.42414467931616
219.647771065309,2,104.298535678744,17.5045199006234,3925.8465992796,"Não","Casa",11,10.8931744173793
269.437641211147,4,145.30340598313,22.7310062769796,5855.88655185621,"Não","Casa",9,8.57469928167398
272.700124574022,5,110.960749976094,21.6411935687831,8222.24720516145,"Sim","Casa",13,12.982892809511
221.561648431909,5,152.635245242083,19.5771913330067,7237.4819207233,"Não","Apartamento",5,6.0363535175593
294.422249970004,6,121.228044608901,22.2739540818511,5014.62779783328,"Sim","Casa",14,12.6875791797723
284.946981634902,3,128.596057551489,24.7772827868607,6481.893805402,"Sim","Casa",11,15.0817630391091
273.166395407081,1,119.876597799225,22.1613713061329,5744.31532827588,"Sim","Apartamento",10,11.0240682036704
226.541648020805,4,140.604396112558,18.326293314799,7688.07015798179,"Não","Casa",8,9.62200463431798
279.532226335641,6,115.659612611523,22.9530706933714,8368.26466063224,"Sim","Casa",11,14.9971523236782
218.18695011796,1,101.637661961617,18.5636560579423,5732.62481060449,"Não","Casa",8,10.0518285850256
300.765517699707,6,138.91696134606,22.8218075257998,7635.64029157361,"Sim","Casa",16,19.8325331686785
194.325098458112,1,84.2189228112242,22.6104735061059,6457.92154520476,"Sim","Casa",8,8.64508469574875
271.30131129114,3,145.049023449673,26.5370869879825,7735.84596591529,"Não","Casa",14,14.8586124109385
328.891305195058,6,137.919843459158,21.4293781961284,4788.49841405552,"Sim","Casa",10,12.9623598779735
202.810450918876,4,84.5756192750239,24.2019460273194,6532.13639040487,"Não","Apartamento",11,12.8954913305183
245.813300405587,1,140.024153468594,24.6563160596248,4158.64393570029,"Sim","Apartamento",13,15.5999422739595
244.286087242453,6,93.654013826871,21.3738679084559,5345.61446098746,"Não","Casa",16,17.9631080373079
258.90037908704,6,152.924139483517,17.592098996514,6368.68626006875,"Não","Casa",8,8.7649358993485
232.032641566836,3,87.2688469229065,21.8939811921564,3311.02543087496,"Sim","Casa",13,12.1628587458559
244.467286329586,6,117.210734064053,22.899704342904,3888.99264968238,"Não","Casa",6,4.72144533478638
244.770789631146,5,74.7125038540469,23.1749113492124,5729.65479978937,"Sim","Apartamento",14,14.4431239475403
218.586609424152,3,112.083241550982,22.522089801663,6568.54795297125,"Não","Apartamento",10,11.7295423130979
298.593246264633,6,137.959726235553,21.3641266340445,6084.28922250541,"Sim","Apartamento",8,8.000400503216
318.429505647621,2,219.129895330184,25.2718089486335,5924.30862863572,"Sim","Casa",13,16.1836357984455
258.888201976964,5,148.413143331198,21.9092856486187,5895.30439219391,"Não","Casa",6,7.2528503980123
224.477160221177,5,83.5379542602236,21.7275780692317,4760.17963154714,"Sim","Casa",13,14.8523182268313
246.169957207125,3,146.765261127592,23.3717665205911,7680.50709593815,"Sim","Casa",3,1.19185242829544
188.963819626844,2,70.1573889113623,23.1778132359773,6195.30261049656,"Não","Casa",11,12.1936013949699
186.270678098415,2,113.890501212666,27.2791311698606,6395.03721279047,"Não","Casa",10,13.339088849978
259.226867081272,2,148.712102565621,25.8819870844837,3998.68026996666,"Sim","Casa",8,10.3151991647296
NA,4,51.8186335866196,24.9477628649649,2413.66466670302,"Sim","Casa",8,9.13219884404511
222.453387327556,2,141.741754241039,22.7866043576288,4106.84736043469,"Não","Apartamento",8,6.23346169855713
232.278621588876,2,146.56002080415,20.0973950933318,5248.6152694382,"Sim","Casa",13,14.8706989020874
231.209962945001,6,94.8326664929347,18.7358614342498,5264.01450964588,"Não","Apartamento",11,8.81356330172428
219.784345976309,4,115.284541796857,19.2009516365925,5911.85121314773,"Sim","Casa",9,13.460764022413
279.092094541631,4,187.717049316695,19.4105624493678,5051.29124456959,"Sim","Casa",6,7.25056865846602
230.866609107519,6,97.8953046554129,23.5071466123243,4022.58161433231,"Sim","Apartamento",11,15.0915989284481
196.47540353684,1,124.273092040263,20.3056148635423,4195.10168057864,"Sim","Apartamento",12,14.1390586633686
278.873984359191,6,114.985898972451,21.4705255024311,4289.24349533962,"Sim","Casa",10,15.1133237646775
290.015604281019,6,127.356401439743,25.9642095306483,5121.63353368256,"Sim","Casa",9,9.45203724600395
264.03762896356,6,171.378565800544,22.8177042265364,6994.01944216585,"Não","Casa",13,16.8569854822523
204.62180663369,3,97.1137124697947,22.0331686480265,5570.72754696466,"Sim","Apartamento",8,9.5835845520166
197.815668817231,6,113.941885750292,19.6583611807505,4370.14976303047,"Não","Casa",6,8.29069486227873
224.329555139527,3,110.87086605739,19.8966982522263,5907.85969629928,"Sim","Apartamento",5,4.01215310080097
290.561731500205,6,93.8204039386784,19.7219053991205,7657.67146899913,"Sim","Apartamento",14,20.1572448402579
197.394505090165,1,53.6722167608474,21.4892202871354,4091.27282791151,"Sim","Casa",10,12.4536544108158
215.706668602903,3,114.916709973635,20.0311424626576,9722.61238360398,"Não","Casa",12,13.6549305365429
NA,5,54.0321835841477,22.4726327025145,6113.02520992869,"Sim","Casa",5,4.22066248565522
235.56222852202,2,113.821453140459,25.2802442806572,7599.5553554912,"Sim","Casa",13,13.3119875468667
277.872665208417,6,96.8133046779101,22.9031272927217,8344.2863725354,"Não","Apartamento",9,8.0754943562901
239.635600233295,6,135.282278775971,20.3245318364188,4745.48527012856,"Não","Apartamento",6,4.6236901126471
260.140930562466,3,113.500478678051,18.7738723715181,5250.43147985871,"Sim","Casa",6,7.25956807458873
212.57603597568,2,99.7667222300035,22.6023621171076,5104.26711545278,"Sim","Casa",12,16.0823347040594
257.441583207583,5,98.0211658933329,22.2520608536359,6107.0483377409,"Sim","Casa",11,13.7308734914252
269.933789695495,6,118.220108765663,19.2208039014017,5994.04880650121,"Sim","Casa",11,10.3018575415821
272.02629047415,5,142.515783716561,23.1601021321551,5405.49586658419,"Não","Casa",15,18.1286298374327
198.056341673628,3,123.987963765381,23.98125367781,4732.86001711673,"Não","Casa",9,13.0501019241297
226.757961210933,4,102.276640423415,21.1717359082243,6858.09473918971,"Sim","Apartamento",11,14.7220318921982
234.107119864701,4,114.384510442274,22.9384664234816,4998.1480768374,"Sim","Casa",11,15.9658639941404
319.723632256627,6,179.345529018968,19.9427514464039,8047.72398727589,"Não","Apartamento",10,12.6293736933906
258.088732257501,4,79.495616523311,28.8046133723026,5704.36550442719,"Sim","Apartamento",9,5.86593622716365
271.285228665076,5,112.064379428979,16.9235184257674,5538.97945520779,"Sim","Apartamento",9,11.7635746006712
228.722405853676,3,105.843034603207,23.7635125418605,6018.60898501441,"Sim","Apartamento",9,11.1196404592998
225.787706644969,1,102.924415434283,22.1992235738756,5468.85448621981,"Sim","Casa",9,8.2225668540138
274.279829303145,6,189.981583288063,17.7860316281419,6286.37554555311,"Não","Casa",7,8.20282164800171
211.801266069587,2,105.328669789055,20.9716073943495,6948.16386036781,"Não","Casa",13,14.5921807930086
215.876707928079,1,96.9262718757771,19.8602289451523,6857.99284866327,"Sim","Casa",8,8.93480265863562
229.520954923568,2,91.0140286508079,20.5113682791928,5014.1233226342,"Sim","Casa",11,13.906906152137
273.172828079222,5,158.04150209264,19.9851362331251,NA,"Sim","Apartamento",12,13.5122041701005
296.693748640173,3,153.099969083748,21.0053516268568,6054.77093722673,"Sim","Apartamento",13,14.6221261690206
268.711743239318,4,62.3308505355465,22.5138283456284,4689.37820798842,"Sim","Apartamento",12,12.214854220872
257.842326822476,4,109.138737861325,19.0618230366699,4830.72837836867,"Sim","Casa",15,18.2584269006596
217.634845254683,1,139.867415844727,22.9629822105693,5641.69008150155,"Não","Casa",6,8.02644827396594
263.881004613989,6,115.003710237688,19.2643865352523,3162.63272205957,"Sim","Casa",10,12.8575830608844
241.197952496711,6,119.850746391065,25.9625962839859,4415.9805181891,"Não","Apartamento",9,12.5837690215956
216.082873439781,4,78.5733962887709,21.5659043417933,5045.28551719962,"Não","Casa",9,7.25199927743007
190.984310172612,1,82.3041935536464,19.0869864573183,7472.6236752608,"Não","Casa",13,15.6498360617686
262.365565110624,6,129.757371627249,21.2077876021473,4028.41997046097,"Sim","Casa",10,9.99855347866082
241.842429629764,3,111.689984054494,24.2149313570476,8836.86752803365,"Não","Apartamento",16,20.1131786891159
248.466793959061,4,108.329669873651,22.9971238458352,7358.01064745067,"Não","Apartamento",8,9.72003732709071
303.950626739847,3,156.31181721543,20.9677415756596,7902.35861418075,"Sim","Apartamento",14,15.196907966268
289.110266369792,5,127.047497745421,27.1167782418816,7455.44718089307,"Sim","Casa",8,9.03366950370721
203.552982789675,4,76.9596461681117,22.9200971089102,8027.52017162603,"Não","Casa",9,12.9043210128649
227.158896725698,4,92.3483361331912,21.2985814186706,8106.52631878273,"Não","Casa",8,8.78783708038058
NA,4,103.737121620547,20.2828724989023,2449.44598770716,"Não","Casa",10,9.4126181284172
226.888628839153,6,85.4636225177018,25.5642367223835,5101.859570464,"Não","Casa",11,14.8337922563009
225.806999335551,1,147.526722739422,23.6446327036227,7095.58142549016,"Sim","Casa",10,13.7546454076258
209.688193957292,2,69.4002821495878,17.4333094533359,7861.90139646453,"Sim","Casa",11,12.2892649048479
200.783785539501,3,85.9244167660504,25.0860317748765,7456.09448161208,"Sim","Casa",7,10.8811842828432
274.057572197996,4,117.709239586572,24.3675811105017,6210.75066945238,"Sim","Apartamento",4,4.55087915041381
NA,3,138.420040948281,23.0228127827001,5047.48049992608,"Sim","Casa",13,13.6889715129122
276.153398169329,1,188.313194677879,17.5168999503539,9715.01829121598,"Sim","Apartamento",11,12.7409387133693
305.298435985826,6,111.876955823619,21.3233692201213,7681.34726557426,"Sim","Apartamento",12,14.7815106377672
283.328076933133,5,108.073725382255,21.0767889268255,7030.35557142318,"Sim","Casa",12,15.2437066537526
247.432546317541,5,97.7487425317447,22.5330012461883,4796.86054840302,"Sim","Casa",11,13.777707790096
151.46820821664,2,60.6134069085557,15.3230097325925,5606.95155363522,"Sim","Casa",9,12.6542687317872
282.940662447158,3,141.632964587718,24.924222857138,5709.04720136061,"Sim","Casa",9,11.146398007095
274.497676718895,5,151.200236127134,17.2962583185879,6083.47683923072,"Sim","Casa",11,13.9751627369238
233.959312798033,6,93.3173508142671,21.1295954937921,4889.84004688362,"Sim","Casa",8,11.1383687062791
282.056406639844,6,157.334923845336,18.7430125934972,6142.32866825455,"Sim","Casa",9,10.5505296317249
224.11642602488,1,120.30778154566,20.5384218660612,9913.03758178227,"Sim","Casa",9,9.61264938083939
223.172109898521,4,131.915290475164,19.3516816571442,6708.91098412391,"Sim","Casa",4,4.37677158056171
225.887518635234,2,157.119700986744,22.5605556049674,806.606633133127,"Sim","Casa",6,5.19995114145028
269.516942460807,4,100.468064709258,21.5090828460207,6686.26657723431,"Sim","Casa",9,10.874545519478
281.565568115535,5,144.94548573942,21.7350832576406,8471.01661712314,"Sim","Casa",15,18.7556962977377
283.241884452628,5,148.515097561309,23.9077523780449,6069.03617189139,"Sim","Casa",9,9.22930824784339
294.17650830575,6,167.595626843349,24.988412829156,5479.77924275861,"Não","Casa",11,11.8957942436976
314.856935519016,5,166.606888454208,25.2601893988086,5388.03481291042,"Sim","Casa",11,11.5373719487364
267.76399636514,5,154.45339716349,23.4306628446874,9201.60662700883,"Sim","Casa",12,14.3393310626177
214.156709749159,1,81.5019697187943,21.2595537208519,7260.48137239439,"Não","Casa",11,15.3248621632608
252.531742425148,2,137.683658323261,19.3619473833216,5340.57704599105,"Sim","Casa",9,9.85095919282315
257.842029434291,1,111.049017024553,18.475704575752,8339.82312747668,"Sim","Apartamento",11,12.2571627087163
200.420254299222,2,121.613438013614,25.9405918997545,5070.39003435085,"Não","Apartamento",10,11.9620107590484
278.986448494684,5,156.039247889537,22.3049048682201,3981.23808685666,"Sim","Casa",10,10.5367854964305
292.98541182957,5,143.596563583777,27.7532679291523,7473.72233751593,"Sim","Casa",12,15.9224583903099
199.181474816459,1,66.467564977688,24.3161657732814,6559.42136976169,"Não","Casa",12,13.9471390400129
196.38242057092,2,130.919915937671,23.8245381153894,6836.20646550905,"Não","Casa",9,12.4965815511367
231.58847649963,5,112.40445686358,21.5505740805284,10840.61808401,"Não","Apartamento",8,10.5591773671881
247.272680824681,4,111.660843388316,24.7088613543094,4898.15384256857,"Não","Casa",14,17.9924381770745
263.764101403712,2,103.083934762577,25.0205855618159,5353.78664156565,"Sim","Apartamento",10,9.78129381675498
NA,6,124.438792838809,15.6866233682353,7988.68756293832,"Não","Casa",8,7.07897892168549
282.971005658963,2,139.791479276312,21.833911212108,8026.63287776255,"Sim","Casa",7,8.48846321237279
246.507577531697,3,132.087559329331,21.571772115542,1291.54911091535,"Sim","Casa",11,12.6625439707011
221.621477203126,1,130.229073761229,23.3445471859543,5632.8180328065,"Não","Casa",14,16.2911252186189
251.908976398632,1,102.949224366465,27.8135156249718,5149.17117187463,"Sim","Apartamento",12,14.2467031304951
300.098802779679,5,122.938904959095,27.7914483626958,8642.25610406527,"Sim","Apartamento",10,14.4008762089691
223.73767169919,5,106.712792917986,23.9127291519078,6340.80768572257,"Não","Casa",11,12.5072954469127
202.069896590314,3,65.7678121307575,23.1356268317688,3787.10100181006,"Não","Casa",9,9.87356468963741
197.50246276086,2,127.352722626376,29.9325146307696,6151.11411005946,"Não","Apartamento",6,9.64100855264332
274.265904330926,5,170.190236554108,24.1754719036757,5596.05091596025,"Não","Casa",5,6.33548321516011
183.429959831492,6,78.5011754606082,18.0716137110202,3185.80177117126,"Não","Casa",5,6.36363031187616
270.181479850471,5,154.488139463021,19.3934103405265,4750.51784365068,"Sim","Apartamento",10,10.0574509485049
247.220148089456,3,150.194030055136,21.9592934297324,2610.71296215371,"Não","Apartamento",9,11.9238624775867
281.127546347559,3,131.777115258604,24.9984162692194,8688.01923480776,"Sim","Casa",11,14.9529830797969
176.317502932957,1,93.4142024978493,20.2333294927171,3407.12153519466,"Sim","Casa",7,9.47144014040379
256.682399927118,4,78.8473716949472,23.631077388928,4158.02227657969,"Sim","Casa",11,11.475648915744
259.324693572076,2,165.638903295072,17.986997870881,6886.83540518986,"Sim","Casa",10,14.1755621272365
257.182009122558,1,137.146513221887,22.8791659211098,7371.14057077945,"Sim","Casa",7,7.95332508795501
225.764263984964,2,127.199426801398,21.1893044915816,6475.85607221543,"Não","Apartamento",11,15.9549167163591
245.838827909489,4,128.803311248721,25.9301567464209,6751.67538867571,"Sim","Casa",7,9.09711064492184
225.046121715661,5,74.268583543096,27.0795662778974,8270.32023464965,"Não","Apartamento",11,13.8244188756363
240.695420881743,1,154.294409178788,22.4509425774266,5778.10968251062,"Sim","Casa",6,10.2115110259866
257.321897014983,1,168.114332687905,22.9436629737012,NA,"Sim","Casa",10,13.8125014974215
201.070867746626,1,120.952263874303,21.8440167047929,6800.74481791499,"Sim","Casa",11,13.8910350231208
267.325175083847,5,83.172481755193,24.8683270827106,9638.11803981481,"Sim","Casa",15,16.8209046601033
244.165589673414,6,110.625933918316,22.5817215727128,6872.2725904783,"Não","Apartamento",7,9.75245106130773
253.114467014426,6,105.452792094291,20.3559069712915,4364.3277828621,"Não","Casa",12,15.5530733729262
330.743248975006,6,143.159468228824,22.9178911770316,6342.73230656817,"Sim","Casa",15,17.2302630262513
261.296635640742,3,132.013338297868,19.8316900944639,6402.7407478794,"Não","Apartamento",17,20.0712590191504
201.151080555127,1,94.4444627046507,19.1487444626992,5989.81080028449,"Sim","Casa",5,5.58728482354288
232.136748278059,2,115.983154601414,22.6391912065006,4590.59261781838,"Sim","Apartamento",8,7.13434273939592
272.218335577523,2,165.906042762443,23.8284914857553,6927.32805986018,"Sim","Casa",13,16.6173993757338
244.726178483435,1,127.697228455323,23.3271639008226,3825.31425288521,"Sim","Casa",4,2.56708576345325
256.289921552807,2,146.264695048624,20.9291811530582,5947.7055685892,"Sim","Casa",14,17.3181870074675
266.550586924722,1,151.358498727097,27.2557501776044,5780.6487226896,"Sim","Casa",8,7.28017875669343
315.244283799471,5,175.938468482638,19.4535312717334,7135.16219496525,"Sim","Casa",9,12.2346204436903
172.908282627005,2,43.4577777514764,21.8894528511339,4894.92123553594,"Não","Casa",11,14.4335681260017
NA,3,44.3627990452749,20.6657094365486,8945.11753737742,"Não","Apartamento",12,17.2086872624467
263.35252807192,5,143.385632619475,23.4355543444746,6002.41304033852,"Não","Apartamento",15,16.2212566712981
225.259152905963,4,109.940243517704,21.7664126791259,5809.89750826238,"Sim","Apartamento",9,12.2323496954827
278.882580680943,5,147.891799585004,21.9891711291886,7950.74205986002,"Sim","Casa",7,8.07686271331713
236.608675877457,2,129.387328299317,23.4694930523114,8248.35705194291,"Sim","Casa",8,9.92393759123402
247.793458095164,1,119.993871091302,18.3554125890427,6611.01248297661,"Sim","Casa",14,16.1787534997825
277.687149919251,4,112.480568795899,21.4087094630874,8366.79739829431,"Sim","Casa",16,19.8225694032754
281.437881609729,6,165.608255290556,27.1259526972614,6060.13055655353,"Não","Apartamento",11,11.5329827644696
199.050150156993,2,57.2023044278846,19.7211958492952,9613.9529735847,"Não","Casa",10,10.6468033315842
328.029680908499,6,119.686753154173,24.9171086963509,9270.44538811706,"Sim","Apartamento",14,18.0309104303514
311.662962700556,5,192.340382342374,18.9044788511817,5777.79226203546,"Sim","Casa",8,5.27077631252271
244.985033167016,1,108.095829014706,24.3057598798029,6876.65781841795,"Sim","Casa",9,10.3908404031533
280.593533628772,5,159.988279134447,22.9038551798801,5211.56783518669,"Sim","Casa",13,14.9339542402279
210.345514144687,1,130.68164662185,23.2736817419462,5755.19781043312,"Não","Casa",10,13.1197666652328
220.452755286809,4,127.687833582156,22.0197131700299,2894.29623581413,"Não","Casa",8,10.2459319870036
231.523141397483,3,116.824703300864,24.2238932455358,3953.82430793941,"Não","Casa",10,9.96861323098888
228.373482539687,1,100.227536153431,26.6770224622336,5392.73290691876,"Sim","Casa",8,11.8243205391613
289.274919832776,6,117.892184726476,20.7484937454027,6701.66710139717,"Sim","Casa",15,19.5835923658262
191.186591299653,1,101.804000911441,20.7390311109966,5559.67012444518,"Não","Apartamento",8,11.7566027264581
208.602506446166,2,128.642117744618,24.0915575933882,4297.23261358304,"Não","Casa",12,12.9406502804828
239.274480299705,4,75.7278905299482,21.3671151732524,8560.76152800515,"Sim","Casa",10,14.8569265390402
217.060676966632,2,109.906858729561,26.623256492694,4983.43540786204,"Sim","Casa",14,18.6084329944752
253.812835534956,1,150.576726057273,22.8544958789891,8418.30727501193,"Não","Casa",12,16.135196405669
216.441589793062,5,65.7011996568335,22.9658841282441,5686.85997001136,"Não","Casa",7,6.58474022435659
274.226740782236,5,149.367707161697,18.7944217937702,4600.26525716071,"Sim","Casa",9,10.6979561523779
261.757803245323,1,106.98366152124,26.2771475855779,3652.68692346755,"Sim","Apartamento",10,12.2824179285664
267.099896175379,1,172.045102004692,25.5987106007017,6977.97855031218,"Sim","Casa",9,8.74723804565459
253.340756149028,5,120.773130800893,16.9658907793897,7925.53658992926,"Não","Apartamento",6,6.89779430655315
275.03218120072,5,150.563996030935,27.4864184902673,6124.61906597786,"Não","Apartamento",9,11.966251871024
313.752844482778,2,133.186895303117,20.3943734317451,NA,"Sim","Casa",13,16.0723548576168
217.42611340478,2,70.6543273654706,19.4930180770012,9712.39225871613,"Não","Apartamento",10,12.3618971646094
279.163271237552,6,126.252796569117,19.7245902987731,7311.94188633893,"Sim","Apartamento",5,8.17020890225653
240.015418266603,5,121.389212222286,18.0276102949103,6007.15377632471,"Não","Apartamento",7,7.26806332005117
234.314740072702,1,127.396958601887,24.3654024132821,7076.00523680907,"Não","Apartamento",13,16.7896355665566
273.912210352679,1,134.814828345987,17.8698446050336,4917.07278481207,"Sim","Casa",19,24.4014438605252
253.18558458862,5,117.434806666754,18.7888142752671,6451.21138084725,"Não","Casa",10,10.0393189924888
277.693682398062,5,116.174861799933,19.0397772057577,9416.51450792993,"Não","Casa",12,11.413968232567
222.682811502734,4,41.8841133615061,23.6097585525635,4742.41947835374,"Sim","Casa",16,20.6408622076157
287.509092107377,5,112.900367221437,20.6643802482419,5672.8641161286,"Sim","Casa",6,6.82392613029979
272.066991181014,5,153.726451029313,21.9894956890523,5448.49853963071,"Sim","Casa",7,11.9928019878798
228.272185680746,4,155.490339413708,20.1285577137138,5352.31019603806,"Não","Apartamento",13,16.0779515453283
258.306325621284,2,155.465567131262,23.3825407756048,4988.8743939743,"Não","Casa",9,10.7586974498842
258.378283831063,5,142.146668006771,20.2674396404848,4048.87855402865,"Sim","Casa",13,13.0036229420439
252.472781691855,1,120.055805629676,27.0628256970519,3216.78447778592,"Sim","Casa",15,16.7859038313271
187.823355172541,1,95.6064038115365,22.0769815512674,6991.91292960339,"Não","Casa",12,12.331950201544
248.409246233782,2,105.615133966289,20.2290785149572,7630.46659035821,"Sim","Casa",7,12.6731160499445
246.853157190439,1,105.522119563635,26.1460654096578,6992.47773178983,"Sim","Apartamento",7,6.48055457954251
215.678136388375,2,143.061635773804,22.095704010023,6738.63677000392,"Não","Casa",10,12.9320896428413
274.03511780436,5,118.619333051645,18.9924799179327,3692.40904542122,"Sim","Apartamento",10,14.0122413636613
261.01137715434,1,142.796104987482,19.1330047749663,8234.74454494021,"Sim","Apartamento",11,12.714282416833
204.705482754198,3,55.1322299152211,23.4716970292102,6765.24841447997,"Não","Casa",11,13.4165752063006
260.847351647724,2,98.3090280749965,18.4617478828571,8497.00167587896,"Sim","Casa",12,12.7772208241039
235.838588144936,2,103.887704437705,26.6702632777265,5475.1121587712,"Sim","Casa",12,14.3910339868898
292.887430359014,5,151.523901037486,19.2872169845543,3403.8477312304,"Sim","Casa",14,16.2584914738662
192.125884533975,4,76.0253078096458,17.4918912912197,8450.41144405203,"Sim","Casa",12,13.2699831926949
215.443840231977,1,126.024523289667,17.3054879109676,3762.09410263618,"Sim","Apartamento",9,11.6954656297305
256.51976479918,5,107.238153541953,19.0174820491189,5475.24065801578,"Sim","Apartamento",3,2.35089094397099
280.566363774138,2,166.282927029577,23.6725844670103,8558.5624429716,"Não","Apartamento",11,10.8824629864225
288.131958323581,5,135.021217168754,16.2016613820431,5664.93001722649,"Sim","Casa",14,18.0344853560268
266.206758632327,6,153.294258424442,20.5357619767455,5031.80612629284,"Não","Casa",10,12.3029968576402
225.66808663308,2,97.1627417522268,21.7879079224369,7616.09980003786,"Não","Apartamento",10,9.56572757014817
195.690427278484,2,156.213482966364,17.7412382409483,4265.99279936082,"Não","Apartamento",5,4.94426568355425
225.471410585547,6,133.425894982839,22.5686453704691,4668.47728431944,"Não","Casa",6,8.47686914984336
270.231122827393,4,147.126337757063,14.1326985900451,7471.47522392721,"Sim","Casa",16,17.703731547346
239.053069280242,3,110.016283287176,16.9691681983563,6025.45869572306,"Sim","Casa",8,10.7623421923993
299.799649919307,4,165.602963509529,26.6282688492298,5885.81088609536,"Sim","Casa",11,12.7087881039791
242.472267004233,3,87.2444845165,27.0436909438213,1609.27595498802,"Sim","Casa",11,11.0730644387647
248.86694791751,3,108.249116313618,25.1293050064053,7605.96340803427,"Sim","Apartamento",5,6.70620054329918
271.962372697192,3,87.9433579032572,29.6229133139815,7289.91958541472,"Sim","Casa",7,4.66664457914119
282.619204608035,5,99.3389072460782,20.3146614614084,2387.92299372108,"Sim","Casa",11,12.2297402226725
242.385132261068,3,143.629359146092,27.232137988182,5494.68349537674,"Sim","Apartamento",8,9.47102369862902
204.198351387187,2,111.765003211731,18.5756212734465,5711.1780691725,"Não","Casa",7,8.77638286573351
242.302920398539,3,127.764053157831,24.7280003294376,2095.11835687078,"Sim","Apartamento",12,14.7855055196332
260.182244061891,1,190.752830900075,16.9201138070722,3692.84477496235,"Não","Casa",9,10.9718622934428
291.850684983511,5,138.864906893604,23.6149252492675,5759.02624402999,"Sim","Casa",10,14.0774403881241
279.801906572941,6,124.380526999404,15.5585804218644,4782.45797840947,"Sim","Casa",8,12.1719462235827
219.184999368377,6,148.001534440545,17.0371054071587,6283.38948992347,"Não","Casa",7,11.1479173819731
206.699512407095,1,122.694074105561,18.4835779632886,2659.24861734188,"Não","Casa",13,13.633030703915
240.361825118926,4,101.973352416844,19.7826984922911,4009.16310781517,"Não","Casa",8,8.39030804881034
259.420662216046,2,154.05368536386,22.5775034369032,9084.94848837488,"Sim","Apartamento",9,8.91197723217836
249.378348937621,6,123.822126560226,21.4307870432398,6462.45025044696,"Não","Casa",17,19.7723314933365
237.000773613408,2,138.186346791587,26.0010552314976,3290.46773159929,"Sim","Apartamento",5,6.45801087183182
249.658202504742,4,128.728103404139,26.4633924832542,3750.9630527554,"Sim","Apartamento",9,11.0805926951538
274.230284938663,1,124.921777772136,24.5817198866424,5148.83383652413,"Sim","Casa",16,18.8532113862539
232.355776574696,4,129.841817694566,20.7700353043748,4290.78748438747,"Não","Apartamento",14,16.5670478599747
197.5100805494,5,78.3011070609978,22.0288112063276,3201.65392385612,"Não","Apartamento",8,8.97287438936517
231.745620438739,5,134.628956374392,21.5672037393475,8137.60026190575,"Não","Casa",11,11.9090255870271
219.397417605586,3,88.3758604818898,25.0031991922065,6529.06044350911,"Não","Casa",10,10.8995293981424
290.614896354319,5,118.980865897488,21.7769791426612,7329.61091912539,"Sim","Apartamento",11,11.9564230630407
236.525339853559,5,119.932693852969,19.7428323070119,4367.84252785418,"Sim","Casa",10,11.2391833830684
287.276535876164,3,110.698148943605,23.6552253483588,5666.49826762292,"Sim","Casa",12,12.3081885086603
135.302541903567,1,76.6617125888758,15.4653498358017,2326.75128475176,"Não","Casa",9,12.6493138021848
296.782615682204,3,172.894002480545,22.2775334219267,6189.33104960311,"Sim","Casa",13,18.5266754857393
267.560153820147,4,115.254749823092,19.9387012652623,6833.16312702917,"Sim","Casa",11,11.2366734647346
194.014538697764,2,66.671778822169,20.9494824181505,8147.40508087514,"Sim","Casa",9,12.6832814023166
238.090647560572,5,90.2842807946077,23.7997997460199,5401.29930008648,"Sim","Apartamento",9,10.969866215928
224.715705503398,1,145.889203825006,22.6973212819326,4412.15592126656,"Não","Casa",5,6.04013181872716
251.792086041576,4,140.68865511392,23.8748170442509,5753.31151399549,"Não","Casa",13,15.6876854481268
287.149040225268,6,103.306109716389,22.0833828351583,8153.6048954826,"Sim","Casa",17,21.0857304756752
243.585866226703,3,133.060808037737,19.4836521076483,6286.56919458003,"Não","Casa",9,10.9540704830466
270.618660708199,6,149.391429426719,18.9465682599538,6122.39141083358,"Não","Casa",10,10.7086247015009
244.066313467493,1,132.037185922667,21.8565936570888,5999.26676711772,"Sim","Casa",12,14.6071498998636
256.630287553692,2,100.481593644786,28.0667346088149,6017.8744924636,"Sim","Casa",15,19.3118094405932
226.24864713571,6,141.527065357664,16.9071066004826,5967.58626414326,"Não","Casa",10,11.6461356905909
249.089917801525,3,101.431039910772,22.5051485266875,6060.76833830043,"Sim","Casa",9,8.9633690169641
289.653916072115,3,118.052250517811,20.4333011782208,3135.06824742049,"Sim","Apartamento",10,9.52304597078158
247.629511305696,1,142.697469104585,19.8046298802772,8214.40557029247,"Sim","Apartamento",10,12.9340584526946
192.319574160214,2,89.5731145553432,23.6693635531091,6481.48655036792,"Não","Casa",11,13.1041180435061
219.168603615145,1,99.2378753864375,21.278311954231,7410.50016445054,"Não","Casa",7,7.51013533037005
316.781250642205,6,96.0854144580987,26.0967630122533,9724.02351511806,"Sim","Casa",18,21.9384050452838
234.012929701472,2,109.215852762739,19.6637681557297,6378.21036899115,"Não","Apartamento",9,9.75601049624571
182.033977470216,2,68.9470501483307,16.7705303331509,4671.59523078038,"Não","Casa",9,10.6764471186375
248.599799256537,2,125.193262538684,18.3651325416776,5533.45234550975,"Sim","Casa",10,12.4288141246131
261.628728178956,5,154.945653380428,18.3386026919605,5219.87820954398,"Não","Casa",6,4.14166053825999
232.985472090624,4,123.190662207045,24.1939174617502,2248.35590011742,"Sim","Casa",7,6.92351920782886
285.961251222736,6,131.387309333936,22.3539077048991,5150.20256948946,"Sim","Apartamento",8,7.61754483363567
225.90357975052,4,106.106249882753,23.8169775296195,1998.73203969201,"Não","Casa",10,10.1440352146175
256.353444087122,5,93.4633663446226,22.765780752848,7550.74293203397,"Não","Casa",8,11.9287531075572
272.365837451771,4,116.923379795741,24.8180294953108,2730.97855865108,"Sim","Casa",12,16.1754060754507
286.667289322769,6,95.3035718906165,25.5699824364598,7429.84123276971,"Sim","Casa",4,5.946503285132
225.106246151374,1,87.3236410298982,24.8562483385206,5513.89096134487,"Sim","Casa",11,12.6438249836058
217.771212820031,2,116.324659863385,20.7150959137543,5961.02753117302,"Sim","Casa",9,12.5767929196563
210.809067270384,1,99.8760304344691,19.3809397650213,7677.23799837235,"Sim","Casa",9,8.9682841779098
224.493254081412,2,90.8380649448275,23.6195017728132,9051.03134650081,"Sim","Apartamento",12,11.4060389295067
208.57931457514,3,89.7380775740734,24.7750978628688,5672.49348931567,"Sim","Casa",9,6.25943142185401
217.576224452314,2,157.34733064058,19.0952241069043,5316.66882430697,"Não","Casa",8,9.94097031657159
274.952735281243,3,140.432125747189,24.4809863027349,6899.46121834831,"Sim","Apartamento",15,18.0547059135998
230.427107455412,1,116.12084568878,19.9164866348881,7122.02383399264,"Não","Apartamento",8,8.41486280003405
184.525600950601,4,88.1925542154928,21.2256101584137,6854.33805868306,"Não","Casa",12,15.13373775012
229.424191321721,2,121.085676608169,20.471465776602,8604.51509790959,"Não","Casa",12,14.4635509497844
254.214875938082,3,128.87668550384,20.77264808199,9527.192938512,"Sim","Casa",8,9.14616217225956
249.678848406565,5,72.2358235196765,14.0340044736351,5654.60798929522,"Sim","Apartamento",15,19.9113324350817
251.107023932176,5,97.0196019796436,22.7555893868763,4007.66580473453,"Sim","Casa",6,9.35992315659324
263.723577304286,6,101.37423073133,19.2053462687796,9004.76690399117,"Sim","Casa",15,19.5636380515649
257.568518609375,3,128.270136695368,20.1196406113728,6805.31735578783,"Sim","Casa",12,15.2948860212983
256.129500755799,6,93.7944121508434,18.6941908544654,4642.0832706924,"Sim","Casa",12,12.8978019718101
198.046011482521,6,99.0406862407296,21.6256766844866,3427.21693022305,"Não","Casa",7,8.02751022540383
204.74064453141,2,39.1955498117902,21.1317505538166,6612.40512193036,"Sim","Casa",12,14.3333916400658
NA,5,115.323272969727,24.8337563761276,4308.46843177452,"Não","Casa",17,20.6243786751823
218.117096380756,4,94.3980435359297,24.1305321375861,5543.41049314891,"Sim","Apartamento",5,7.67687007305808
168.386873743814,2,99.8347785620439,23.4993663622452,2576.70640812313,"Não","Apartamento",6,5.07079423133895
252.940414800221,1,125.846227121924,15.802743339687,7166.05973910384,"Sim","Casa",15,15.9665714029737
247.23273836043,4,138.310158713201,22.9401688581164,10159.8657876005,"Não","Apartamento",6,7.10993105999314
211.670919328435,1,125.875418578086,16.184781298965,6046.19202096587,"Não","Casa",17,18.1936386119097
286.104456615394,4,97.1297784180861,29.1312410283831,4960.47532897373,"Sim","Casa",11,14.8750589457677
256.485962843686,5,138.978318800446,22.2857726894734,6328.51591202642,"Sim","Apartamento",9,10.5477800853683
293.846811053582,4,169.701721600077,18.3152204227658,9153.61922232537,"Sim","Casa",8,5.56079812615942
235.424447823982,2,139.749816217256,21.9986416081279,5202.23841482786,"Sim","Casa",8,9.24228136377811
232.31254731621,2,91.9361406203939,22.5448699930138,3349.05904611186,"Sim","Apartamento",8,9.91711669877233
259.676618091953,4,141.426965432485,25.1773889366839,4941.77910351053,"Não","Casa",6,6.04312410286032
234.492948655744,3,159.620692749006,25.497381065596,3567.03989786022,"Sim","Casa",12,12.5012855148119
198.381491888977,5,94.7248790632748,10.5244216907664,4534.4950488925,"Não","Apartamento",13,15.6195392831205
255.574131322849,6,118.416217799577,24.9202379762009,5561.41138157385,"Sim","Apartamento",17,22.2358282284645
224.966957137797,2,80.9684243758449,16.3758725511165,8949.96284449922,"Não","Casa",8,8.88080666646588
252.122578203435,3,90.5026142843203,24.0889023714154,7277.75403260983,"Sim","Apartamento",14,18.4654634830029
194.455517702372,3,85.890850769983,17.3448723828423,4976.83185938191,"Não","Casa",9,12.9018053278574
241.095505939494,3,143.577508888939,21.34839172982,5400.29480070845,"Não","Casa",11,11.3039060588236
252.705393218916,6,133.410651615878,22.6010021406796,6164.08638006329,"Sim","Apartamento",10,13.2984197285062
203.802143181614,1,151.260948348168,28.7333801320147,4904.79331915887,"Não","Casa",11,13.0380291525822
231.796635923652,1,149.394483436303,20.2055954930503,5386.80837925251,"Não","Casa",8,9.96864285488361
196.248825385447,3,50.5222944546141,29.1291965562425,4155.51367663845,"Não","Apartamento",13,18.232794384992
220.398900615287,4,101.58681505858,17.7314342897791,5862.76366857467,"Sim","Apartamento",8,11.0707426122154
258.470417935387,4,165.108915973169,20.7470111065752,8003.6612215569,"Não","Casa",19,22.0763143126869
309.815077656416,5,160.847940211085,19.9842995996714,7193.09407955547,"Sim","Apartamento",9,8.54875239760156
218.312366264097,2,112.421728425447,19.1820761812458,6430.46283620529,"Sim","Casa",10,12.5446708649992
256.312013435066,2,141.928905487064,23.5010275931607,8887.89728472296,"Sim","Casa",8,10.3913589922555
255.167553959124,4,111.972304290678,23.4873382919196,9142.49276462196,"Não","Casa",12,16.2203616189801
165.293160847137,2,70.356886331696,15.1232027578585,118.20454343893,"Sim","Apartamento",10,14.1440975001893
193.93676607455,1,135.459924827093,19.1124827064278,7307.51118458956,"Não","Casa",12,14.7231882791936
244.615683279599,4,82.9442213294915,16.9424811709215,6028.2591993346,"Não","Casa",12,14.6513294969745
206.19590989077,3,130.924382343991,25.662777574862,2908.16069893378,"Não","Casa",7,9.06108591100751
303.351553915778,1,190.284088595512,24.5768678926845,11039.7593506116,"Não","Casa",11,14.8251693944337
217.882996024045,5,105.575082116985,23.4853752079105,6112.01846028261,"Não","Casa",8,9.85110756988649
222.995819854628,3,104.375886403786,27.6889471088891,4775.48844675833,"Não","Casa",8,9.01642110519916
243.659182382828,4,62.1348683648046,22.1375285183892,7181.91606552746,"Sim","Casa",10,10.418727403329
206.615179632058,2,139.526479118142,22.9696625078557,8409.707033933,"Não","Casa",8,9.62045884920269
247.04547176985,5,113.620705914184,18.7082403359564,5635.87685431304,"Sim","Casa",11,13.1770844975502
290.802084278841,5,75.1643655016044,28.3576601658373,5746.71645654317,"Sim","Apartamento",11,13.2006280862628
202.832569827119,2,108.716395401189,21.3741241604708,7744.19307046505,"Não","Casa",6,6.60875554259483
340.864866016357,6,173.886056656846,20.2381918624981,6263.98664502356,"Sim","Apartamento",14,15.9134962733463
199.115081316805,2,137.348527244442,20.5473788132419,7217.69338270993,"Não","Apartamento",13,16.9889590360451
236.243799107413,2,95.1360316971512,28.6874485034303,5746.28401512757,"Não","Casa",13,15.3847944606477
224.721654898683,1,149.529798532753,18.8353235368418,4628.35171491066,"Sim","Casa",6,9.53780610576066
239.014277649155,3,102.609435917128,23.396223641926,4508.43474810625,"Sim","Apartamento",10,10.8255835238068
245.86244648769,6,119.560095194734,21.4197446918498,8603.17701384674,"Não","Casa",9,8.03407908979659
269.965688228831,4,96.8171594545527,24.896092526219,6434.81013772992,"Sim","Apartamento",17,20.1600411399274
226.869218760377,3,60.9525091356109,24.6028363192061,9164.71028872396,"Sim","Casa",8,10.967915961066
247.006078149562,3,149.943376278508,18.7736308041916,9294.73214882139,"Sim","Casa",12,14.1697798918905
234.559360836073,3,132.545351030257,14.8116629413226,4703.48139759228,"Sim","Casa",10,9.63170746337537
276.733293922611,6,96.6548048373865,27.5378468254652,5949.79377811683,"Sim","Casa",8,8.72599439794817
234.165494444109,4,60.979559653815,28.4302423692977,9017.97406804806,"Sim","Casa",7,8.34144209200562
240.825288866933,4,121.800820840405,20.0512103362822,5698.50442638743,"Sim","Casa",4,6.75645973016159
248.37443125401,3,164.565102493804,26.8826121172759,7086.54222728807,"Não","Casa",9,12.4849536569604
263.078661614425,6,110.740066170517,23.8783872317997,5828.49813190949,"Não","Apartamento",9,12.0166741841726
266.753537674227,6,88.8710875552691,21.3093299911979,7880.47293179164,"Sim","Apartamento",12,15.1070731765237
272.281967093186,4,124.690098855875,24.1829528795921,6579.7835335779,"Sim","Casa",11,11.9795994584778
276.414389705337,2,146.45873221597,21.9884297682141,5662.57096804688,"Sim","Casa",12,15.6167283173269
309.574927739464,3,121.159093889053,24.0467807192008,6046.62800946557,"Sim","Apartamento",14,18.6276016284393
233.890381606928,6,92.6394468990258,22.8002509825125,5546.63354809151,"Não","Casa",8,10.713300150969
260.88521886548,4,70.6260930159399,23.3285059636339,6018.00818846592,"Sim","Casa",13,17.3648146830777
189.035948880124,2,81.4286264111455,21.519713120184,1975.30995570011,"Sim","Casa",9,11.2561609499742
235.486033700632,1,111.420872666736,22.908199249027,4683.96835498704,"Sim","Casa",13,17.1278271675501
271.304536172205,6,136.344798122181,26.2952663276584,6843.26148062463,"Sim","Casa",6,9.30535286664427
316.866871155433,3,174.428645626299,24.2810929272083,6596.40903800273,"Sim","Apartamento",12,12.9475745978016
256.720178409397,4,90.2989118277474,23.3736546681422,6917.93993778389,"Sim","Casa",14,19.0786978810746
234.843116773302,1,104.459022042769,22.7434396553081,7969.13837307385,"Sim","Casa",6,8.34730244933376
270.394481952703,1,147.838441700406,21.9649619520121,6141.5307626396,"Não","Casa",8,10.6580576405138
238.07438416237,4,112.579775200788,17.5586069662649,5655.87866989855,"Sim","Casa",11,13.310321654892
210.109616057975,4,85.4049639182674,19.3593782706925,3499.05320761801,"Não","Casa",9,9.36748121102653
254.416840484365,6,136.066656584593,24.9957798183795,9370.39920405391,"Não","Casa",10,10.1248652926337
300.974447513285,5,200.951852871149,22.6265635216324,5329.13191213098,"Sim","Casa",10,12.4540455624263
306.005851684563,1,189.872346804369,20.4746703560811,5666.34176362277,"Sim","Casa",13,15.3834965451401
219.699511169436,4,115.223538607142,23.9601843851515,7294.92270641212,"Não","Casa",6,8.7975446581108
269.115178059611,5,116.14413012915,18.9702029548459,5954.85386854825,"Sim","Casa",10,11.9755191963461
227.188074753549,6,114.444956197315,22.609973523281,6339.85356195815,"Não","Casa",8,9.04337024665009
202.403428826932,6,70.7642777888488,19.4964658823049,2878.66884185313,"Não","Casa",12,16.6670566730869
254.895533016062,3,150.132604373352,20.1242266833146,7862.91432680364,"Sim","Casa",10,11.6019859000564
246.268962419709,2,144.388115524015,23.5344312447821,4414.05072274042,"Não","Apartamento",12,13.388309833315
217.007259141198,5,132.449298207349,20.201952154425,3851.62876270248,"Não","Casa",10,13.0073389162728
252.637038467849,4,117.424228066527,21.7183707957581,7500.09541707895,"Sim","Apartamento",10,14.2548302458869
233.211266820802,4,62.7537328324492,22.9378789725563,7882.84831873318,"Sim","Apartamento",12,12.9346895776008
278.101448624499,6,139.897559516279,18.6184285686723,5370.53181985564,"Sim","Apartamento",7,7.99017456685592
246.664653501304,1,139.850571941044,29.136716204452,4890.71043945446,"Sim","Casa",9,10.2819996295678
191.704137886258,3,91.6174634371885,25.1384059661071,5742.36674948833,"Não","Casa",13,15.6491921528648
286.236105646478,3,164.352988720798,22.8934346265645,7091.90417286104,"Sim","Casa",9,11.2967675088173
282.572436295194,3,143.274689081487,16.6375317509937,8661.10702313973,"Sim","Casa",11,14.2951029370737
329.134072605458,6,126.932047548622,25.013466796595,7795.29285929496,"Sim","Casa",13,17.1705974023375
222.089651173553,5,85.9729678947624,25.7326356409274,9458.03124345911,"Sim","Casa",4,3.70553674457847
266.406788398526,2,137.193794820346,23.5350554120139,3748.16948774018,"Sim","Apartamento",5,5.97905949115878
171.648061400753,5,57.3047429663429,23.4243133934397,3857.79570746417,"Não","Apartamento",9,11.9814090654912
265.852654865476,2,127.495549775828,20.4493876845762,6811.30685380331,"Sim","Casa",17,19.5082837754846
213.836031543649,1,136.366813445161,17.0207530781806,6025.0226099531,"Sim","Casa",10,12.684478243615
293.704895921357,6,102.764393490084,22.6720260369124,4499.86647564582,"Sim","Apartamento",12,17.0162761411876
286.07392799806,6,133.423770786429,27.4217462791347,4822.2211793775,"Sim","Casa",6,5.18623397870007
201.309723239565,4,82.9639651029283,22.5691772956422,8568.15681133819,"Não","Apartamento",5,7.0863137502203
218.757289792049,6,82.0940514027541,18.5112211886456,3793.51597378169,"Não","Casa",9,10.6916598108915
351.504599104486,6,130.747761198146,31.0528643051667,3250.15934753896,"Sim","Casa",11,11.6982249357089
229.795642976047,6,104.743729027663,20.8428358998708,2868.19029326643,"Sim","Casa",5,6.39496933210434
249.733110035321,2,130.154522390635,23.688249492968,6000.98617135498,"Sim","Apartamento",5,5.92579895451499
226.389886758356,2,71.0445222161927,24.6586027642711,8320.79371142353,"Sim","Casa",8,8.06435526728976
228.8596546808,3,59.6270279628738,20.9306026050721,8575.83963152059,"Sim","Casa",11,13.2298136758497
306.025050631259,5,106.694171777627,22.7472955006433,8580.0875761999,"Sim","Casa",16,20.0766717463073
NA,1,93.0338281186676,20.8924837783634,5479.7939331786,"Sim","Casa",7,8.10370826391185
266.005899594747,3,152.255294189248,22.1248931215119,6144.55051183389,"Sim","Casa",10,14.6962403208364
278.191790215363,3,131.414190526208,25.6521308782041,7147.01694825925,"Sim","Casa",13,17.9442201448546
209.243071094968,2,117.450510604672,24.8767706293102,8026.25084000308,"Não","Casa",9,9.67310630221296
283.082782075079,5,99.335020696946,20.6918295108777,3492.98548935945,"Sim","Casa",11,15.2676162403933
293.267338075286,1,175.182005216631,26.3194237532824,6956.12165650112,"Não","Apartamento",14,18.6922027150668
266.367993588398,6,131.892992143927,24.4496779373832,7448.65459546071,"Não","Apartamento",17,19.4288894553532
248.204596115034,4,176.094821484235,16.7260681491765,9043.61881861109,"Sim","Casa",8,11.9533352696222
282.820277190941,6,153.531014542152,21.8558755260961,5160.40079707832,"Não","Casa",4,7.29863685529327
275.766340811599,4,143.270496686602,26.4833249044169,9636.90148982481,"Não","Casa",12,15.3392746624747
161.97655974887,1,103.350479034863,12.5634398931914,4509.62469075736,"Sim","Casa",4,6.13818654341587
267.34763852741,3,186.819739415288,20.4006339887351,5211.42936617482,"Sim","Casa",7,6.8810773555933
250.913574651087,4,141.40919740381,24.8562346260249,9588.93507273392,"Não","Casa",17,23.1961772068988
246.907037491517,4,98.4463944718879,23.4077614623521,6905.9843731356,"Sim","Casa",6,6.3095052127557
225.195976641794,1,107.662880107427,19.3136519235409,4750.97410668019,"Sim","Casa",13,15.0591620710051
314.845951247266,5,182.871156288955,23.6051482353176,5318.1157922417,"Sim","Casa",3,4.36735616293353
276.484118529869,3,152.705284074961,19.7472224684527,6105.56328155383,"Não","Casa",10,12.154712726526
224.036748118636,4,85.6387901112757,18.85666930041,6008.69862063854,"Não","Casa",12,16.9246261225515
192.955398487033,2,58.355763195328,15.3984419818358,4554.72219427948,"Sim","Casa",9,9.69769994153812
320.512713298087,6,157.741943440348,24.5524513516678,8490.7389697887,"Não","Casa",16,18.3933645178669
210.040317094653,6,100.573831291729,22.7235595235013,7650.90803164078,"Não","Apartamento",4,5.19489778844352
240.943669507339,3,105.282866258244,22.8075902932996,3349.09852245153,"Sim","Casa",17,21.2453806174626
222.547773753618,2,63.8154958485394,26.8736099892029,5748.78049685378,"Sim","Casa",15,22.393351106482
286.575932791019,3,172.312091006363,18.4673926652157,4099.21939116261,"Sim","Casa",15,16.0499599786716
207.779875324643,3,116.480157805392,20.3648133519138,4400.40051869562,"Não","Apartamento",15,19.6751230322558
214.984258579812,1,70.7026561689654,19.570672589033,6417.03962137492,"Sim","Casa",12,15.7343689124378
266.137810568622,5,157.879760545647,21.6444522209375,4650.11515998664,"Sim","Apartamento",8,11.2541007946534
279.072420357574,6,120.247031731491,28.7310125492095,4445.25855891815,"Não","Apartamento",10,10.0964307585859
225.058732970011,4,91.4070431002393,25.3159241632201,5119.42994615185,"Sim","Casa",5,6.54583981369187
241.962854138483,4,83.2827569461612,19.2777411380483,9402.60611929009,"Sim","Casa",11,12.4563145583079
272.719814017802,5,123.38937185295,23.8301898730736,9986.51023244715,"Não","Apartamento",15,15.3702801501084
272.4914599287,3,158.70587316605,18.7497454880536,7266.0782086704,"Não","Casa",9,9.44667682115494
226.726021191107,2,114.082206429666,19.1223908398641,4813.22177801954,"Não","Casa",13,14.0340258522972
259.376741641501,4,98.6369436394,23.9301805038812,4509.39592705,"Sim","Casa",14,19.2565722031877
300.622059276949,6,154.714618711356,25.1787933713582,5200.10409934806,"Não","Casa",13,14.5383947271711
275.661681225609,5,152.047849691234,21.0635013844168,4338.98188511866,"Sim","Casa",17,21.7469637157891
245.957329141096,2,157.480417846374,16.3546153576855,7206.76406791353,"Não","Casa",7,9.30888776627184
258.356371273985,3,129.248776834765,23.6552399325982,5121.67220916594,"Sim","Casa",9,9.60792547808015
NA,3,93.6870003532896,23.1389740770941,925.218256560353,"Sim","Casa",9,11.6072579611733
267.823969259489,6,133.324367491629,24.2402492040986,3633.75097431669,"Sim","Casa",10,12.8345602113512
189.47106411202,1,106.433770155565,17.3449813545472,9949.5825912931,"Não","Apartamento",6,5.47120587145973
276.438096536696,6,42.70680015212,25.4805315272396,8391.94154817345,"Sim","Casa",12,15.4876809820337
195.939043863246,3,130.563244534271,22.8361410197726,6026.44959769125,"Não","Casa",12,14.3918407382252
252.80330841797,2,147.266275000173,17.0217122033408,5976.98416790603,"Sim","Casa",12,14.0408550908841
211.470942012972,3,132.649329178757,22.01426974387,6033.91732049071,"Não","Apartamento",9,9.47201771001436
253.715451094898,3,126.584216911101,22.3544572610455,6239.73435336383,"Sim","Casa",6,6.93890843505673
244.305980728931,1,122.129021561728,24.9563370572816,6191.90990928426,"Sim","Casa",9,9.17272266651996
293.513288552526,6,135.600361047584,17.113152413596,4633.17919733953,"Sim","Casa",9,10.7640157859011
228.980698836449,2,97.9143301387593,24.8197758954069,3461.06238905733,"Não","Casa",14,16.6008699479426
224.241599796996,2,77.684160055683,22.0381869342972,3394.85077112891,"Sim","Apartamento",9,10.4320650794193
242.47666974052,2,124.079327123479,22.9467458144247,3879.05403528566,"Não","Casa",9,12.470550908154
181.653748953163,4,95.9219046870904,19.7061311784591,5572.60698018965,"Não","Casa",6,6.27133832643878
295.722844176975,6,137.216247188362,20.8984804345214,6433.02543751653,"Sim","Casa",17,20.2015127954977
198.270350156757,1,76.4308834285865,21.2453295193558,7481.14062944698,"Não","Apartamento",9,12.0957719639365
251.188483909725,5,168.325987316647,19.9564239447089,7494.15261559126,"Não","Apartamento",9,12.7814624982821
246.246059002067,5,162.447092616196,21.4884884229048,6672.38824519106,"Não","Casa",12,14.2436418676586
241.053783589484,3,89.7128614120809,21.3100682639332,7018.89164975389,"Sim","Casa",9,10.8978805121051
301.638004631011,6,162.572344673147,20.2608144806217,4837.31505649225,"Sim","Casa",7,10.0487016245385
177.243346122059,3,76.4651268585853,22.3953347656823,5621.36569248949,"Não","Casa",7,8.87975334129995
216.619772919252,6,109.678576006882,26.6157364373034,5643.26386043024,"Sim","Casa",8,10.0977404314582
220.438077784358,5,117.344794075749,21.5241059850946,6768.00676794011,"Não","Apartamento",11,12.8099425644659
215.888443913127,1,147.882844031989,16.6276168668264,4542.09048675509,"Sim","Casa",10,12.149728880908
244.886011916094,4,138.38242196267,20.6000408918986,8440.8117016937,"Não","Casa",14,16.8108610753212
181.767959014146,2,74.8747823544404,24.6260347473594,4950.13230417845,"Não","Casa",11,14.0640181967729
277.678672184979,5,98.5772325412617,17.9661832823028,5819.55151465066,"Sim","Apartamento",13,15.3820181240561
232.393216391074,6,114.126224044901,19.1893241577338,2890.77415985369,"Sim","Casa",10,11.5392167431223
255.909268835234,4,136.930110348973,16.638015054617,5863.14259213236,"Sim","Casa",12,14.2875304896571
293.548910486621,6,157.719749686977,24.764890218282,7922.80017437199,"Sim","Apartamento",9,10.1111701483877
249.047071659844,5,100.962214955908,21.0385175609486,6524.95065948938,"Não","Apartamento",9,13.1221592228237
224.65836412529,1,132.72698364084,26.1944115191749,6127.61288689176,"Sim","Casa",10,10.4102940401255
181.550322190372,2,125.400935571584,26.325333179403,6591.38110436168,"Não","Casa",6,9.01890702328395
242.334137158271,3,113.112152417261,22.614620515235,7440.81751414237,"Não","Casa",9,10.7843313155536
244.529532646394,1,117.80376864619,21.2374634519898,5348.81929775567,"Sim","Casa",12,11.3691644134138
203.196454323792,1,99.534827158376,21.4801271598274,3290.19601695376,"Sim","Casa",9,9.9826858514251
239.330553898998,3,117.45332101871,23.5567174793274,7139.59499043638,"Sim","Casa",10,13.7339725121215
182.554358925704,2,167.473020631403,25.154590361823,4385.93732187263,"Não","Casa",5,4.06062033637979
228.155101065568,4,47.7892550780225,21.7341405281746,7951.09904870202,"Sim","Casa",10,12.1987716923634
264.422783977377,5,110.641562998376,26.684851149941,8055.50393935523,"Sim","Apartamento",5,4.15804166923375
250.455324408683,3,87.5386665883738,24.9006791377856,4648.63361180908,"Sim","Apartamento",8,9.72157065872309
218.186338957483,4,144.649315975198,21.8498268468831,2805.02878547977,"Não","Casa",8,11.1355820420121
305.142266092213,5,136.662794116107,17.283236116925,8407.67708104522,"Sim","Casa",12,14.0921429721814
189.436693691052,3,50.3391774918341,21.032633187659,9368.7056562249,"Não","Casa",9,12.2354976283139
232.139307229645,1,117.815913300715,17.6778732277676,7566.27115874262,"Não","Casa",16,20.2934321931324
265.040571703625,6,197.897024616752,23.8775588673706,4744.61146348455,"Sim","Apartamento",3,5.41416640464643
262.853774041449,5,123.405302239961,23.7939655171851,4494.48122151919,"Não","Casa",13,17.5990269446467
258.272774952382,2,158.636718663489,22.8454386691254,7188.02078205157,"Não","Apartamento",11,14.7006156859629
263.59077419575,4,128.356953155985,22.9203141771183,8098.84112944169,"Não","Casa",8,10.1857148030547
244.654697675385,2,161.393051099132,22.0561736188136,6278.90102677278,"Não","Casa",12,14.4934322786942
173.555670391512,1,105.328963037581,20.9158591291118,4831.3848759133,"Não","Casa",11,13.4064582185777
281.310574696774,5,132.177265123487,19.3664537159879,9427.99084053939,"Sim","Casa",11,13.7449718821288
277.035991885601,6,117.371770423373,15.1050083744491,5786.37393593096,"Sim","Casa",8,8.2492857203403
270.227383618939,2,133.612913997248,22.0704539775655,6046.56388863295,"Sim","Casa",9,9.90855352434733
268.511820858561,5,52.3725830315086,22.1583252721168,8187.84321765499,"Sim","Casa",12,13.6529522713319
248.791151274413,6,81.6749822713232,33.5552739144499,5802.66422354264,"Não","Casa",13,14.8137318035705
253.085142338717,1,115.051757866025,27.0072452072872,9042.22301191033,"Não","Casa",10,11.577705326756
177.447700696934,1,107.562547871272,23.8945355957966,5490.04250008731,"Não","Apartamento",7,8.31674614705046
237.281780712112,6,148.586428712321,19.5521065662285,7068.70260825398,"Sim","Apartamento",8,8.40780197092312
244.392151713156,2,110.994526485731,18.1153674523621,4914.37971074412,"Sim","Casa",11,9.84851250271937
273.185290368601,6,119.67933788215,24.1001372012917,5996.53189374345,"Sim","Casa",10,15.0262848307116
217.983441297733,4,150.573764307504,19.0151000588844,7515.92094059586,"Não","Casa",7,7.17528989686937
234.424283768713,2,140.270194827532,24.557051187665,6378.34893248306,"Não","Casa",11,14.7330917572713
197.906629209033,1,111.675058406425,23.0006356640156,6089.87778048819,"Sim","Casa",5,5.07352848782161
216.290317295795,1,139.617274173301,19.9634815826785,2260.83213962575,"Sim","Casa",10,12.7495734693586
266.994469806546,1,122.410505703901,20.7583124970903,6671.61991091357,"Sim","Casa",10,11.7947287813162
204.058956476828,4,133.677078207564,22.5418285409328,10668.8486946227,"Não","Apartamento",15,18.9020622076543
228.275850320115,1,145.035961813738,20.3978842812791,7504.59928673099,"Não","Casa",7,5.62655643885526
239.677521031192,3,99.218280761901,22.167050198462,11515.3738936448,"Sim","Casa",7,8.75651582219708
216.131164744714,2,72.8463681253039,20.5045881324686,9687.22402097969,"Sim","Casa",11,12.9760359053767
286.977045177902,1,149.025221395415,26.4119826477373,7364.55700792053,"Sim","Apartamento",19,24.8810018837576
203.779113439058,1,72.1657460743205,22.6751169151359,7909.01011991596,"Sim","Casa",9,10.303018193318
224.520325406645,5,126.07356770839,21.1523992144893,954.032451686256,"Não","Casa",13,15.0179089949284
236.067881324229,5,107.647858973149,20.9667465898392,8886.54251308637,"Sim","Casa",6,4.4415706132652
279.101651143703,4,142.523943950868,19.2196334454828,6688.68623102139,"Não","Apartamento",12,14.6463511969226
368.820092358932,6,187.68321512568,26.4629921981933,9354.93268997666,"Sim","Casa",17,21.328358961251
220.875885393021,4,100.143903233153,21.1086121040457,4398.15681621961,"Sim","Casa",11,12.8481094434054
270.654045037353,4,116.276570025914,22.587631323362,6843.04743159242,"Sim","Casa",15,17.1250321341004
266.659538991163,5,128.081878003847,23.1589157202355,6388.41499980257,"Não","Casa",13,16.1404981155158
212.304881379824,4,94.6627813125525,20.349160445409,9087.38725699024,"Não","Casa",9,9.00548588504866
187.645522847689,1,107.588329699555,21.5599639691046,4866.46897835817,"Não","Casa",7,8.87208658525703
209.487603768104,3,81.4160505968208,29.2515235201752,5818.74386082661,"Não","Apartamento",10,13.5185810925216
267.462127444048,5,69.863163363938,20.5548321323972,4335.82876732507,"Sim","Casa",11,12.9533894927429
234.283819868018,4,91.7886825804443,20.7437210771926,NA,"Sim","Casa",13,15.0175627144358
262.737517684377,2,126.696979849218,25.8363802094997,6659.27771590496,"Sim","Apartamento",6,6.67627959129277
251.860856380919,6,119.590024860621,17.9703225598701,5892.51787847392,"Sim","Casa",8,10.3288855020942
177.918368196068,1,91.2636568424476,22.2323599264557,5107.49362868932,"Não","Casa",7,6.49057724368023
281.97966636632,4,105.994437372529,25.0488262449033,8559.5138126337,"Sim","Casa",16,17.9364731288189
214.486326082227,1,105.12394288066,23.4143331325231,5455.85020315409,"Não","Casa",12,12.1601735431253
243.358172952097,3,100.188856993346,24.535048616661,2767.23453494311,"Sim","Apartamento",12,13.9996156378054
203.194943316437,1,88.6943656367802,20.086381685674,4254.59622614233,"Sim","Casa",11,13.1432968074083
258.779706797681,3,129.645599143655,24.7023452993691,5683.76954726837,"Sim","Casa",9,10.929140951091
271.752813310739,3,136.354406316093,24.8959436668315,3076.60741096883,"Sim","Casa",13,15.3481293242019
217.278471620307,2,100.917071304809,15.8070548372166,5589.61241345255,"Não","Apartamento",14,14.0560936632418
272.822080137242,3,161.291523689166,24.0051757281565,5813.53967044167,"Sim","Casa",16,17.2844343953779
297.790912821899,6,150.375577453707,20.9616671386321,3350.92257358429,"Sim","Apartamento",16,18.7561202448373
285.232139673385,4,103.803145801036,20.9214505043313,6121.20914804435,"Sim","Casa",10,12.4137090748752
179.236371227389,2,87.8274634875312,22.2910936001261,6077.17139015895,"Não","Casa",8,9.88194711644571
233.845722025279,1,132.867380508521,21.2664239166528,7879.82956097212,"Não","Casa",14,15.2269277678065
279.792451458872,5,105.52626304879,23.536848547555,6107.30919061953,"Sim","Casa",10,13.5325162519766
234.030068281964,3,117.280602862854,26.8761379740694,5094.00034682578,"Sim","Casa",11,13.2680446499272
251.204506766139,4,143.75542651117,23.0481874681757,6771.95013701517,"Sim","Apartamento",9,10.2761556586513
270.161973563813,5,122.062639604487,17.7911641419059,7079.96123945074,"Não","Casa",14,17.2029952863218
239.735812039507,6,101.581006665358,24.7118535957496,5170.57695723431,"Não","Casa",7,9.67918430885219
237.115339392997,5,98.5745628289569,22.5430591844273,4753.32022996185,"Sim","Casa",13,16.5030824471742
318.087842891696,6,129.727485399464,29.7636277714034,5354.51637780952,"Sim","Apartamento",8,9.00606695754718
266.513682883525,4,130.298470501738,19.1613367784379,4496.76445835564,"Sim","Apartamento",4,3.02839646530392
292.22972806301,6,106.811417756471,22.2933582582934,3633.69179071442,"Sim","Casa",9,12.0944009569969
184.51161170459,1,130.35290161204,23.5618633503213,7004.65846344406,"Não","Apartamento",5,4.43228209136567
228.894943669346,1,92.4072078488545,23.7776487291487,5496.86476456265,"Sim","Casa",4,3.77032822456782
276.81402252801,4,173.493324499647,20.5011428116852,6146.43771003217,"Sim","Casa",5,7.71811592088176
196.466495201027,6,77.3486431082593,19.5309178654224,10277.2607824231,"Não","Casa",11,12.4092584409469
282.443433649105,3,169.265500859399,25.8254309192994,5962.16835511127,"Sim","Casa",14,16.4163231877176
260.83438492133,5,123.727106645416,18.8071025634207,4010.626257881,"Sim","Apartamento",5,6.70961324835071
226.17963050532,2,120.033699390034,22.3227404977765,4912.47356027082,"Não","Casa",11,15.2027547198242
180.775992337276,1,80.1307223190583,23.6004613127696,5878.51519643323,"Sim","Casa",7,6.92378388743299
282.94678077462,4,143.391798463506,24.1305725782108,5630.5852388346,"Sim","Casa",13,16.7147746896449
249.739847891106,4,158.713424565721,28.4400687351694,2815.59988830047,"Sim","Casa",11,13.1570324083706
274.803767148238,6,89.3829665877973,16.2711007737716,6308.21317536866,"Sim","Casa",14,18.9316330353301
273.104282111229,4,141.141136206378,20.9787921772275,6594.86786115601,"Sim","Casa",7,9.8408983794043
270.394340767389,3,159.862557998878,15.800885384916,6098.25429984664,"Não","Apartamento",9,10.7303825912342
236.158724894023,2,171.499472858194,18.9871165338445,2184.71045503267,"Sim","Casa",2,1.26788963754282
252.422129907074,2,94.2124143093941,23.693682072752,7288.066116269,"Sim","Casa",11,11.2525658553783
190.268223502137,3,89.5934911932154,16.177577889497,7664.63110198055,"Não","Casa",10,10.4850779899817
257.113775226414,5,113.392612904441,24.3668600014093,6550.9169270735,"Sim","Apartamento",12,13.7366169650653
312.317604830088,6,124.764693213837,18.6085820421171,7303.06924588604,"Sim","Casa",14,14.9886509099901
259.390061811297,4,93.9217783647723,23.7201439198511,3520.03478102553,"Sim","Casa",10,11.784827511839
256.420296381421,3,98.0808693412027,19.1952043260749,7585.9987646522,"Sim","Casa",13,14.7963868558568
253.057146994784,3,153.348995200716,20.7699980243926,5831.23304100312,"Sim","Casa",2,5.36709841820338
210.251573762113,1,115.008559022339,22.4707331839512,5966.91359628182,"Não","Casa",11,14.8496195098247
308.38434923057,5,149.030858149973,20.2671002696092,9369.02797487145,"Sim","Apartamento",13,16.3624192595239
258.37337543485,5,105.050418139518,23.6080148208613,5422.92977061207,"Sim","Apartamento",7,7.56226146637055
224.811041320425,1,147.806575239231,23.705758339534,8069.06942335775,"Sim","Casa",8,12.6252809292628
180.98399074871,1,122.434292998722,21.3035790098334,1985.40737189138,"Sim","Casa",8,9.18198774507082
175.188745186544,1,116.566244707635,16.0922928172318,5187.66965710941,"Não","Apartamento",13,15.5447044204555
265.51294897043,5,64.0500593991234,22.6562869725346,6325.60920665589,"Sim","Apartamento",9,7.90466193226194
208.623169626719,5,77.3412854203952,16.8944470694392,2918.69493615797,"Sim","Casa",13,17.2418493836083
291.69931838174,4,141.325241103096,25.3812079467316,7955.26147885219,"Sim","Casa",8,9.51784228995116
242.706737368897,2,81.1555809731438,22.8353831028188,9716.43335012947,"Sim","Apartamento",6,5.67671055076356
274.551402985283,6,88.0190192324561,24.4916244607899,4767.25100163154,"Sim","Apartamento",15,17.9884070017672
253.240792952093,2,124.902971209718,23.5761339040999,6763.52286547494,"Sim","Casa",9,12.4159093389255
290.813257365169,4,147.4637846934,21.9822565885489,3598.8983971044,"Sim","Casa",13,15.7224910079169
243.973337429876,2,111.187069112179,21.3878610837355,10076.638093278,"Não","Casa",7,8.8551003951802
288.320556805504,6,144.899716602414,20.4315767530409,7517.268209925,"Sim","Casa",9,12.3896902210954
221.134672781155,1,82.2203356483472,20.2116971836486,5103.52613992588,"Sim","Apartamento",16,17.8246085312771
230.812334346712,3,150.09508243293,19.7357089786193,4155.44295890023,"Não","Apartamento",14,16.4260768832787
307.199377533785,5,142.889224393718,26.2278271673275,5610.63718226087,"Sim","Casa",11,14.2354636214093
210.22877274762,3,104.002818031891,20.0838220184712,5554.12455445379,"Não","Apartamento",8,7.50730297540955
241.602374920392,1,129.192626006475,22.4798433986226,6799.73853731869,"Não","Casa",13,17.3958914483585
213.988730500917,2,156.161514786057,23.3263891781089,3964.21107388027,"Não","Casa",12,12.7831977246752
210.055922993973,4,89.9182263932559,15.2653901960204,6042.89990242186,"Sim","Apartamento",5,6.40308858553788
213.801150803432,4,93.2326222737078,19.5342664824836,436.26745123331,"Sim","Casa",8,9.86595607568006
219.538024480211,1,120.904467338159,19.0105000375339,8396.58771053203,"Não","Casa",9,9.90855559500015
283.767547980036,5,107.340042716457,22.8751695200824,5406.46872054794,"Sim","Apartamento",14,17.124541913718
230.26610960093,1,112.577247007737,21.2884355721559,5972.54538705485,"Sim","Apartamento",11,12.9116409578525
251.269614922582,4,139.324534501454,21.259399188098,7777.59413232138,"Não","Casa",11,14.5409167600417
221.716394869547,3,126.555400945787,22.9531118383922,4488.17833193211,"Sim","Casa",5,3.98213314984555
322.862246134225,4,165.747142225902,20.7788262249293,4960.93046616902,"Sim","Apartamento",11,15.1465377581808
237.941054764283,5,89.2785986908815,20.7750159861711,4741.76531000209,"Sim","Casa",9,10.4207567002168
294.520548824786,5,135.585019354359,23.9412429674961,3398.64406805145,"Sim","Apartamento",18,20.4873284905263
272.485542571571,6,120.742262164859,17.2205511891944,8027.91194783668,"Sim","Casa",10,10.4055761359954
226.697000380169,4,90.8805148787763,23.1811586526649,5766.26969395181,"Sim","Casa",12,16.019873458857
209.144158799766,3,69.1194130924145,19.2967694147481,4711.05560508793,"Não","Apartamento",11,10.8921364925634
226.690367507363,3,139.884608590235,18.6051289289506,7197.82989182704,"Sim","Casa",10,12.2069477664497
213.97145591838,2,117.512071212114,22.0150603968029,4210.02306162782,"Não","Casa",14,15.9057454727098
246.429671348274,5,81.2551251629506,25.4194173090734,3781.70487079581,"Sim","Casa",9,9.64723020266048
204.515742930553,5,128.782900810597,24.1160455236102,4789.84249546928,"Não","Apartamento",6,6.95887710201232
249.413375347233,1,117.062718234486,18.9750632898861,6039.77316198131,"Sim","Apartamento",9,10.888171028749
278.639339460786,3,167.932381054205,25.622114428557,4261.08652305818,"Sim","Apartamento",12,13.8464619113101
249.819013038991,2,92.2303593659128,21.6745051438844,7311.23546457325,"Sim","Casa",11,12.078487864381
210.119889199601,3,145.220546994989,23.6352917702469,3491.4956690422,"Não","Casa",16,20.293573951579
254.868952231873,4,100.76834779898,26.1354570447591,6519.9254152844,"Sim","Casa",12,15.3916779148772
185.933724573386,2,76.2325313995765,21.5089693117508,7374.16824952114,"Não","Apartamento",9,13.2732290412291
246.968894072592,5,155.334532830447,18.9846098538257,3312.94525563667,"Não","Casa",19,21.3168803851786
191.403075106613,3,51.6234124505219,23.9307616595714,1906.34144587168,"Não","Casa",9,9.28781321966969
276.636520716616,3,128.166235347914,20.8515994091774,9321.06942039855,"Sim","Casa",11,11.9771913770437
246.079737746157,2,136.532231082286,16.0469362095581,4646.74150180046,"Sim","Casa",11,11.4789529160563
244.050929416739,2,132.142636314062,23.1774268482217,5195.17594535937,"Sim","Apartamento",8,12.5761979057532
225.585305239868,4,101.885013063761,22.3571088795267,8089.40478733008,"Não","Casa",7,4.63568565813212
263.172299193798,2,92.3390698457165,19.778568970652,7619.95531056042,"Sim","Casa",16,17.0822934824124
287.061105963348,6,134.39732166927,24.2780702476604,5094.94634581296,"Sim","Apartamento",8,8.46099904708674
244.0058952581,1,123.176447027882,17.7112004996076,2814.03247029188,"Sim","Casa",6,6.84054875530396
190.757510818957,4,85.7886614009544,19.4691763251203,5055.92190177898,"Não","Apartamento",8,9.3780824840093
247.624325211802,1,90.8554253296929,22.9298455571532,6624.79760393647,"Sim","Casa",14,18.3222172274495
258.439250727691,5,87.9104455492347,18.8737583846304,8201.68370244263,"Sim","Apartamento",13,17.521189041622
229.978619138345,2,62.9346893389528,21.4354042294789,8101.44355031366,"Não","Casa",9,9.23768839485258
270.045154425463,5,151.616002181422,17.2652189729202,6766.87644633391,"Sim","Casa",5,6.33764468946311
267.729523087883,2,115.808088973205,25.5703382550359,4886.09767461846,"Sim","Casa",16,16.6679939845248
245.836180864183,2,108.58206062657,27.3405521691279,10867.5743554161,"Sim","Casa",8,10.9372808717687
252.000550996049,3,164.285923923513,25.1651339048137,6531.99802518001,"Sim","Casa",12,13.0885692513449
207.910627144692,2,138.321820151686,26.3312775763162,10544.15366051,"Não","Apartamento",11,13.867266028608
278.104379334729,6,166.705708705612,20.2250603321602,6093.06854341919,"Não","Casa",12,12.9075542050707
324.490550765974,6,188.372468457904,26.2425765451137,5436.67677992146,"Sim","Casa",10,12.0253393231708
249.066976105353,3,105.845802905229,23.3405312077898,8843.89835647362,"Sim","Casa",13,15.5888631289769
245.672985877576,3,126.380594528258,18.3733844188222,8050.87132179781,"Não","Casa",11,11.5908470420091
286.770385534872,1,199.987908207535,21.0292013130235,6645.38590007046,"Não","Casa",12,14.9694190581336
256.969232160718,1,147.06284118072,26.9457706198081,3159.29066059959,"Não","Apartamento",14,21.7138624484533
241.50148686104,6,185.592231978629,23.1124932014293,2443.16504851278,"Não","Apartamento",13,15.6305359511155
281.30760187356,5,137.859601456698,22.2436574818383,7126.91351380868,"Não","Casa",14,16.1756708944267
231.634310487769,1,129.98283819555,25.2034307883025,5520.32263922968,"Não","Casa",8,8.82721975840101
315.953678031572,5,161.976812702521,18.0574659862719,7647.2864888576,"Sim","Apartamento",13,15.0592477929202
243.553149098759,1,151.890913469489,24.9250210936842,7326.78397963217,"Não","Casa",5,6.25321010694506
215.503372446847,2,113.720590319652,19.4181765835162,4492.14735812856,"Não","Apartamento",15,16.6923718777776
206.293100759276,1,119.952147724772,16.6455794658449,2759.13675972681,"Sim","Apartamento",9,13.0824566155846
271.228943751618,3,107.909848139963,22.6885189885636,9690.28407047374,"Sim","Apartamento",8,10.5035765301812
269.695982587326,3,159.741122105132,25.7946656094509,7153.96383434841,"Sim","Casa",10,13.3851189587326
265.420819094346,4,104.066060731142,19.8576979707586,10629.6947834351,"Sim","Casa",6,9.27548640159019
188.633853584409,2,125.033254231544,17.4930692004907,7046.65911274909,"Não","Casa",5,4.36598074981445
249.726827016534,4,82.3818533091142,23.8805223457566,5736.57532548586,"Sim","Apartamento",17,18.9946165363101
258.982731929009,3,161.237977575909,19.364282087876,6922.47049504077,"Sim","Apartamento",9,11.2927920901073
300.718757251956,6,159.235678379919,20.3561827754897,6182.54741278136,"Não","Casa",15,17.2801589575468
207.357475698036,1,91.0378584303756,23.8306952898437,1906.65505187873,"Sim","Casa",10,12.7667408586514
259.792067565,3,84.4932741347605,24.0401149868544,8087.93785088243,"Sim","Apartamento",13,15.4953587869191
277.055983665991,4,142.901940631132,21.0473025385201,4713.60288994972,"Não","Apartamento",7,9.45891012712019
236.306775560632,2,114.438660256917,25.7578444819065,5622.58532364472,"Sim","Casa",12,11.9893926293229
297.58271377289,6,117.619348226162,20.8018280498814,6657.60894078262,"Sim","Casa",9,11.8541285029565
308.810304755057,5,141.066299207305,24.438299959215,6100.42839171847,"Sim","Apartamento",12,11.6317014207519
242.260419862343,2,150.783234342044,22.241187550405,6955.12967041773,"Não","Apartamento",12,14.372501454183
202.155094685408,1,92.8538628952296,25.653234226144,5466.28167863673,"Sim","Casa",11,13.9057498106536
249.919021726194,2,54.7336058532175,24.8598247312027,2098.41655518338,"Sim","Casa",7,7.20771513965046
238.950087688485,3,144.82815384121,22.4321602292365,6959.51634919109,"Sim","Casa",12,16.6510498498553
188.522096117984,3,81.8495440807512,21.1499680457655,4411.87693370283,"Não","Casa",14,17.1271911624887
299.362370908803,2,122.158414789485,25.1365081199283,6938.29753688686,"Sim","Casa",17,17.9853621004142
190.987606973047,2,84.4818384644435,21.3711488472847,5601.66322632624,"Sim","Casa",12,16.7429117721439
259.414992435371,4,123.94146203225,23.7918496884446,5496.69683255753,"Sim","Casa",5,6.4658872323848
189.228170854455,5,115.504427095282,17.2552942244743,8048.50856855797,"Não","Casa",4,4.38575144686471
315.774559544709,2,162.481303565082,23.174512150864,6945.32835409482,"Sim","Casa",23,28.6874995628645
284.720726474691,3,117.102637545218,19.3116948510395,6202.23733678751,"Sim","Apartamento",6,5.32467685859674
270.813531774053,6,103.266345426611,24.4275922302562,6483.69781895157,"Sim","Casa",8,9.60250593615399
260.048735589046,1,110.446249941796,27.0967580360817,8387.03084819313,"Sim","Apartamento",12,14.8246987069885
303.293519587073,6,113.383742633688,17.3620255633383,8041.89969834559,"Sim","Casa",13,11.218055976772
217.076183581135,5,102.610555693529,25.0676736900962,2932.01128337461,"Não","Casa",13,14.9848668211
265.863322397035,6,125.667539580029,21.2498822910506,8108.16120466366,"Sim","Apartamento",9,9.76407075525212
233.522017704168,3,109.462046296744,18.1101947119149,8323.92617870575,"Sim","Casa",9,11.3332909014718
243.057201862442,2,112.663462125616,22.4053053633166,5352.32156760606,"Sim","Casa",10,13.6697900321736
252.841562105119,1,152.843813588103,23.8655734026737,5874.75135473173,"Sim","Casa",16,19.4214841753757
219.756100176641,4,74.6765167888884,18.9606317401255,7739.2343030946,"Sim","Casa",4,3.5967502483971
251.798389575078,4,105.106476960376,21.5104528292263,7282.21154617375,"Não","Casa",14,16.6848173249439
240.335998381013,3,138.596872721414,24.8999113199963,8386.24690914101,"Não","Casa",11,11.6846576500086
242.483961684757,1,180.1807655299,23.0424557865749,6374.18631726929,"Não","Casa",8,8.08724586529781
255.942746788935,6,126.35825044477,22.4991334793506,3791.3656225841,"Não","Apartamento",10,8.24489023617392
162.20003973933,6,49.4497479935445,18.2565683037221,4194.87579225918,"Não","Casa",10,11.6085493374007
253.009174780782,2,159.820125838273,19.0455605439013,4742.72286458365,"Sim","Apartamento",9,11.6816925962987
216.27140882067,3,117.426626431699,23.3236797049326,2780.90831852468,"Sim","Casa",9,11.2071683770884
192.365280436022,1,117.398809279108,20.1331319659013,4088.01614478747,"Não","Casa",9,9.22712776742498
240.148825453258,1,112.483850421065,15.0966648107612,6428.3834995419,"Sim","Apartamento",12,13.6973289338592
274.731825548384,2,131.860341442701,23.6061346685867,7086.37166395103,"Sim","Apartamento",13,17.2960383750806
231.761858521487,2,157.108123772236,27.8617059007435,7037.0476204702,"Não","Apartamento",11,14.3090054492528
264.099831474418,4,124.315773344407,25.6956334678846,8554.15379336632,"Sim","Casa",15,18.8092469735161
229.936639305942,3,76.5165428670626,20.7904535928927,4577.79625516864,"Não","Casa",11,12.7182538157376
211.807921483955,2,128.096014914848,18.2986370720334,7037.81234380761,"Sim","Casa",11,13.1209476706145
226.933401298778,2,160.160594721636,21.0430870020365,6975.67554682756,"Não","Apartamento",12,12.7286279233421
278.649296982598,5,168.334293917438,23.286168376989,1977.68707171766,"Sim","Casa",9,10.8583799942539
236.970248971021,1,111.383094387781,21.7319086000828,7003.54907704233,"Sim","Casa",12,15.0068630160964
271.105932368622,3,148.31200261498,22.3984274624829,5222.50279497475,"Sim","Apartamento",16,19.2822167908124
197.992969028022,2,86.2958757806639,24.5786523253338,5886.10861044913,"Sim","Casa",9,11.1219753172649
297.222865320767,2,187.940428374867,19.4903684129761,6695.79034524532,"Sim","Casa",13,11.9930267302692
216.250514026797,4,136.69394296666,22.861066005355,6162.7929035802,"Não","Casa",10,12.4296855069426
211.27387276935,4,111.377862781,23.5499427049208,5966.32180709337,"Não","Casa",7,7.90909623202973
311.311871549793,4,155.276720286766,26.946106851713,6563.70352503995,"Sim","Casa",13,13.7077183000777
278.167080723847,5,109.809877088374,13.2201142350845,3980.96166577605,"Sim","Casa",15,17.5478462098523
235.826458647482,5,96.3858283363598,20.7969281056991,4849.17399838217,"Não","Casa",8,9.88492582826281
271.531239947129,4,110.655954013993,13.7994619699696,7590.5151772827,"Sim","Casa",11,11.7668459747492
223.827187388373,4,124.873044361254,20.6335885013996,6041.95814918331,"Não","Apartamento",9,10.8319863054133
239.23376881326,2,146.798098114939,24.807549195499,9575.59746907799,"Sim","Casa",8,7.83174874073031
248.516565927565,5,110.041594392564,20.9775254053798,8405.86067154994,"Sim","Apartamento",13,13.977487054575
247.589830332162,2,120.949489564183,21.0964824224205,6970.73433029234,"Sim","Casa",7,11.1212191490355
228.458795111277,2,151.00800960481,24.2345260320136,4850.85169596583,"Sim","Apartamento",15,19.1610832157387
256.0687795553,4,112.857505973719,19.8903616329279,NA,"Sim","Casa",3,1.23101253682779
302.746982432663,6,138.115166007903,25.6502272986809,5296.08385747816,"Sim","Casa",14,16.4435266386681
315.041020467726,5,135.732107405444,25.9581183486617,8791.74951463063,"Sim","Apartamento",4,4.99673441446798
252.370019159034,3,100.870211528211,22.4164861920637,10904.6095798273,"Sim","Apartamento",8,9.13880031485198
205.739559087081,3,94.6938562967793,23.3089524235926,8305.95291448845,"Sim","Casa",12,16.0428134126617
243.216366963978,6,101.719449910937,28.0385628378339,3005.33960121633,"Não","Casa",9,14.1881873342249
234.000437062625,2,66.2854120708275,23.8783070779656,5995.66259975534,"Sim","Apartamento",8,8.7314765911047
214.646230413206,2,112.804600091034,21.673257204309,4530.82066866431,"Sim","Apartamento",6,8.46709967027249
245.067442509,1,164.53280797764,23.5075051026492,5580.40311533579,"Sim","Casa",6,8.87743739266728
271.817611556983,3,139.841465046861,23.4858373427806,6141.2000081667,"Sim","Casa",9,11.4092281139059
253.002062641921,5,95.5416229951119,17.0927727586732,5913.37681246513,"Sim","Casa",11,13.9055234934023
273.104096644116,6,106.927894621081,23.9919747762012,8508.31055097622,"Sim","Casa",9,12.6392706858143
258.577836231503,3,141.946097518799,25.4433920352527,8900.93575797643,"Não","Apartamento",13,15.7814006183078
308.814919310819,5,165.142073551166,25.5635806976266,6729.00343326706,"Não","Casa",6,4.23260350611723
254.548164655146,1,110.708569535647,22.3662955081999,7514.40069492359,"Sim","Casa",9,11.4708728630756
250.31071266049,2,81.3943825697999,22.6017223072098,4585.47518155239,"Sim","Casa",5,4.0683514113161
231.280131671075,4,88.7217772365996,21.765087548782,5416.18932976686,"Sim","Casa",9,9.88174237993891
235.104995769399,3,151.44860329138,22.4245825923851,7771.33038800072,"Não","Apartamento",8,9.24072258973035
286.345650238746,5,101.312487549523,23.8981581660232,10183.3152942062,"Sim","Casa",15,14.8168318493149
332.620287125154,6,171.262152047399,17.9275625714494,7865.06376490158,"Sim","Casa",14,16.524607441424
296.610926226221,5,135.255252186952,27.8372663687791,6497.7007504204,"Não","Casa",12,15.7306604657361
242.349269227968,5,128.295297903549,23.0913801488455,7537.58184134194,"Não","Apartamento",3,2.66578906723258
281.904701436685,4,161.937456764883,22.8558147175796,8252.64167171455,"Sim","Casa",6,4.97026285745865
195.843803186898,3,68.7633707703275,24.3317710987508,8005.75870166246,"Não","Casa",5,5.54710234805788
270.827736157891,3,151.446731899558,17.178618383582,5395.95064514738,"Sim","Casa",15,17.1398020444062
232.195750996081,2,169.94827951524,21.4404325161032,6203.53174161225,"Não","Apartamento",7,8.86631043288517
160.94066261943,2,91.4460903503569,23.9737335987182,2878.38880188597,"Não","Casa",5,5.06765894350376
211.838265300691,2,111.613384260194,21.7202595332379,4244.82177076966,"Não","Casa",11,12.1481049864089
231.666661994317,2,132.027197274529,21.6493736594819,3349.11346181927,"Sim","Casa",9,11.3365364406191
212.525600405468,2,77.9932881546415,20.0536568375592,5754.15893878551,"Sim","Casa",17,21.1437675866872
248.92570913919,3,124.549832260732,24.3036883985984,5380.89939161549,"Sim","Casa",8,11.3175075106391
274.084413264898,6,102.819074176995,20.5001966594338,7070.9063167561,"Sim","Casa",10,13.5980879923686
207.58362977807,1,129.893595342696,21.8487155733789,7289.38088996913,"Não","Apartamento",7,7.41663993772208
224.94233610016,1,112.098314488121,22.1333128496251,4354.73412839948,"Sim","Casa",12,15.7583938532765
241.499016071656,6,138.538346744462,15.446158682971,4847.60462358407,"Não","Casa",9,8.81289229408937
252.480619081917,1,115.113120746073,22.6026848253164,6275.44492915471,"Sim","Casa",9,11.040065111466
247.741924786707,1,104.750278027218,21.4980374079494,6060.55696972613,"Sim","Casa",10,9.01910704064018
266.472779352201,3,129.942045491372,21.3083003028697,6828.65789207446,"Sim","Casa",13,16.207056485055
190.203749597758,1,137.231331948907,18.4772165347346,3699.44453448421,"Não","Apartamento",10,10.3898569893346
238.72589213642,2,135.999429915419,20.2117439033913,4649.50126196845,"Sim","Apartamento",6,7.08927784951138
230.400757736406,3,127.451277665728,15.7321382035126,7107.27164354623,"Sim","Apartamento",12,14.811049585977
275.316444502926,4,98.4597362579347,21.601519157991,7331.94044167543,"Sim","Casa",9,8.5501949116525
235.245835430699,4,80.1872316949336,18.23754408625,5691.29129669798,"Sim","Casa",10,13.3467078311139
305.249910314406,3,167.859982113188,19.3063878904209,8968.42199319732,"Sim","Casa",7,10.0447310736444
269.141345816285,4,132.983637795204,26.6347938017911,9401.84045921121,"Não","Apartamento",7,8.81604191499586
197.293702832529,2,87.3150261427492,24.5515667439538,4529.45551947173,"Não","Casa",6,5.3472367634394
212.807793332874,6,80.4604339315293,18.3181834278474,7700.13952989211,"Não","Casa",8,7.37298474776404
NA,6,109.752154634363,21.4885177334905,8015.66275368587,"Sim","Casa",10,9.74471027522241
207.155186843084,3,111.073342086307,24.5929163058849,6101.29565444311,"Não","Casa",13,14.9305162451218
222.332406580537,4,122.655379258905,22.2913758644265,6257.70888477462,"Não","Casa",7,8.23988762630459
309.872648705404,3,152.719338300246,17.7060081184431,9692.04773671017,"Sim","Casa",14,17.32968564728
253.866034307484,6,74.2064078726276,22.436379960876,7772.27825168565,"Sim","Casa",9,11.9935664869019
275.065475885225,4,165.578697604675,20.0984330860806,6128.24060141227,"Sim","Casa",4,4.02227718420871
274.365690633482,5,133.562562609134,18.9288353766145,7141.02256757352,"Sim","Casa",14,18.4516372017479
234.535367715831,1,117.622816777423,17.2987926185623,5336.37894418721,"Não","Casa",14,16.245347871194
308.112151971141,5,129.167078554671,23.8931887107704,7778.19739169934,"Sim","Casa",14,14.5488648180017
235.829884526259,4,94.3059246747046,23.6184481593261,7455.36124451548,"Sim","Casa",11,14.2702346817081
262.402968133191,5,153.117739346619,22.6345509975782,11560.6247107532,"Não","Casa",3,4.43546907176265
239.509011683369,1,143.40517957867,19.254179713318,5395.56178683068,"Não","Casa",11,13.3769267476153
199.180789789962,1,77.872435547818,22.7898817621327,5384.96959652844,"Sim","Casa",8,10.3367986468368
253.162536778985,6,93.5531176455995,23.0440680274451,2250.1176386396,"Sim","Casa",12,16.5451549708389
237.036478345386,1,114.828194371569,22.1944104304748,8067.58521389068,"Sim","Casa",11,12.7048331605971
241.640596798214,2,93.3801650451281,23.9582773600141,5996.90871245608,"Sim","Apartamento",5,7.51500211824706
172.557570516075,2,70.3219357714568,18.7092219155784,3824.39043944945,"Não","Apartamento",8,8.77371401758945
274.76832251278,4,100.865864196358,18.4488664819786,4379.9059808005,"Sim","Casa",5,8.07722476681813
161.324817466586,1,111.30426519609,23.1622653371943,5815.66127320876,"Não","Casa",9,10.5516037557812
239.873320470995,6,77.3611505014441,21.6017845671708,5024.67194654656,"Sim","Casa",7,8.05079348490843
226.793171447064,2,116.340147077806,24.9898241584145,4718.24637700893,"Não","Casa",9,11.7303576004888
196.027853450488,1,87.8766218751448,15.8045729286714,3323.83706713447,"Sim","Casa",11,14.1109267850933
217.298631042709,3,63.3673816819903,24.4863515230658,4444.99196771961,"Não","Casa",7,10.5615973749267
227.45579234847,3,97.7033690357979,19.9443164874446,6116.63237394091,"Sim","Apartamento",7,9.10497437575149
231.776534711315,6,93.7305835327947,20.3588863955429,4036.38285458843,"Sim","Casa",11,14.7117397499484
220.592479345363,1,165.227967154623,23.5653981802606,4318.02126902023,"Não","Casa",10,13.0260177022949
185.445445080855,4,105.126609105009,15.3768431431666,3328.27381203062,"Não","Apartamento",4,4.0800385277668
222.859172459079,3,132.454652361944,21.6523078118694,3327.03324862314,"Não","Casa",11,15.1009328078851
273.136277582747,6,107.958204770617,20.0440063634664,4320.7181596607,"Sim","Casa",12,12.9476572339101
289.484056436202,5,102.797735494081,21.3711096187343,6812.50895525532,"Sim","Casa",11,14.7320471602943
222.737746554695,2,87.1860736775269,22.1707280258703,6135.01299776868,"Sim","Casa",13,14.2572495062461
224.777311642984,6,75.0724642481936,22.1251211738472,5043.34507963965,"Sim","Apartamento",6,8.6684079528755
287.396073503907,4,134.042286862294,20.3855900651263,8424.74604335729,"Sim","Casa",15,17.8320056235637
201.72402226337,2,167.293529469891,17.155615225439,4860.27607632745,"Não","Apartamento",7,8.45264290630985
269.217398641193,6,129.657345476328,27.1890071277494,6823.72035857999,"Não","Apartamento",13,18.4971579412194
262.440960148685,2,132.309046119667,20.3565443590413,6664.61073131687,"Sim","Casa",11,12.0596742860728
178.889151497113,1,119.675092297353,20.4934281010237,8234.16487853626,"Não","Casa",8,11.1711758900068
228.667972485709,1,148.843610035075,22.8740934815669,8120.44897753674,"Sim","Apartamento",6,6.18126423179677
243.751920841193,3,132.936966036844,18.2895268528302,7872.02464677748,"Sim","Casa",4,4.83740148776201
218.199362394194,5,69.1839908192273,16.993311111235,4409.08369083853,"Sim","Casa",12,14.214954421387
209.84028096522,5,64.6782188222588,27.0733725693215,6274.43780921936,"Não","Casa",5,8.91210338970363
196.047802012787,1,114.284891761713,26.0289769428944,4778.83068514981,"Não","Apartamento",12,16.308291942585
243.371905262982,4,89.1198031118702,20.9982864872683,3067.04812496189,"Sim","Casa",15,18.1130653515573
242.999271036205,2,137.709331175129,26.6840017652195,6635.55794903815,"Não","Casa",10,12.2014113424816
192.816777964552,3,106.831528529757,21.3710025344621,6706.19659519024,"Não","Casa",7,8.52257232567525
296.32650631113,3,149.8904264629,23.9960401487164,3347.09992147133,"Sim","Casa",13,13.5325269927979
313.492150691741,6,170.25275702054,21.7830967392627,9302.13719547121,"Não","Apartamento",16,16.6738936769297
272.842867203454,2,169.530368456179,21.2560920461455,3988.42118862287,"Não","Casa",6,6.91928050762873
238.06928145028,5,114.095184558576,23.4938988096461,8030.68072424439,"Não","Casa",10,11.6920829468427
203.860088027713,4,95.8663111060212,21.7002182692801,6945.4826852573,"Sim","Casa",7,7.31027188975088
255.115426030651,1,115.856783967798,18.981522998518,3937.82579031315,"Sim","Apartamento",12,13.0615238337427
227.871383493086,4,78.4940320529231,19.4774368633543,7868.2416713997,"Sim","Apartamento",6,7.12100845316833
278.78501057196,3,157.599194450273,25.1262533338228,5726.39135249443,"Não","Casa",11,15.875673000723
176.849169966326,5,63.9367504422302,17.3800054452409,3163.99076685941,"Não","Apartamento",12,13.87348939524
265.342394142184,5,83.7399655888182,24.1546469795785,4489.71977126211,"Não","Apartamento",10,13.6910025151392
322.395204929149,4,137.442469746645,22.0183971820954,6345.46056107863,"Sim","Casa",18,21.2304163321755
283.539782718439,6,130.310673669642,25.616929283373,5105.9773219434,"Sim","Casa",11,13.6642761179968
263.685943389652,5,146.06013113656,22.0066386373957,4615.27984989255,"Não","Casa",9,14.0608175504438
213.628644990653,1,91.6127660233073,19.3979424959616,6872.57607590472,"Sim","Apartamento",9,11.242412497423
284.998627292062,5,71.7307413994048,21.295720504125,5708.33153369202,"Sim","Casa",12,13.4274020731072
230.201301052923,4,150.026451926763,13.3701331590699,6309.03874086527,"Não","Casa",10,9.44020556687352
283.359621185618,5,137.261685322283,18.9986781324916,6321.44509952285,"Sim","Casa",11,12.430367711547
283.326752670264,5,187.214807942942,22.6863318638081,9200.83070239776,"Sim","Casa",5,7.49680090713273
259.969633066736,5,87.8311442412253,22.2462134103328,5106.16696688486,"Sim","Casa",15,17.3018908578333
205.206771030967,3,64.9100239718395,24.0557880338742,6903.14632124234,"Sim","Casa",10,13.223034817457
290.678232472936,4,144.333684072249,18.5913756343435,901.930014817567,"Sim","Casa",10,11.6393945177528
307.052907300591,5,168.857496646161,23.153465876534,4753.04305313081,"Sim","Apartamento",15,15.8963230145797
259.043280091785,5,114.919837212375,23.4782312695597,5913.55436049317,"Sim","Casa",9,7.95585532385192
269.663301384002,4,145.755754318999,20.222036005038,5249.20204549827,"Não","Casa",11,11.6846467049583
172.845405790159,4,106.752096634872,16.946409670171,5941.11378222889,"Não","Casa",7,8.41112303039799
314.364521387041,6,152.575751026031,24.7174865161891,4783.62235205078,"Sim","Casa",8,8.8548514691818
242.120763940819,6,131.165363348078,21.3756480819882,7273.76600728782,"Não","Apartamento",9,9.61910439777726
253.561742994465,3,135.118951044175,22.3928256862253,4382.8964432597,"Sim","Casa",7,8.53446094057263
238.571134633353,6,80.6288808704683,20.5904227228259,6128.92989903826,"Sim","Apartamento",14,15.1607933339101
203.184690236266,3,98.8952590565698,18.1139911060864,3257.99897200848,"Não","Casa",9,12.2528141687409
213.564257130097,4,102.863119305963,20.7810435136565,4107.9769755999,"Não","Apartamento",2,1.50318821488106
257.736684625519,1,112.379710613429,24.6348836509187,7161.03939377763,"Sim","Apartamento",14,16.5387774749769
229.031757258883,6,78.0241010265702,24.4986125868755,5883.53575474922,"Sim","Casa",4,3.44456806143
254.378204994824,4,138.911546763317,24.3005202758484,5461.81794171311,"Não","Apartamento",10,12.8213370163454
174.282908732249,2,92.7491117362943,19.6012521053032,1849.89532843812,"Não","Casa",9,11.3621877733977
254.927027315707,6,128.741980279038,16.9186966681366,9501.21522557143,"Não","Casa",8,8.93259545414272
170.344496526361,2,71.5887588437423,23.3511036742496,5384.26531887905,"Não","Casa",5,3.04597802355349
258.52472403865,4,92.6488635018113,21.9470268164424,8928.83098340523,"Não","Casa",5,6.23993798628627
228.016888512744,1,182.820965087979,21.8855799017309,3537.73018977946,"Sim","Casa",9,11.4387421260201
216.414399813563,1,136.823612599542,20.5730775197041,4497.68903452665,"Não","Apartamento",8,10.3364340385053
274.345211903042,6,121.935896263392,16.9194136160438,8173.29727614054,"Não","Casa",7,9.97422033948331
179.825935824441,2,85.7592690391711,23.4276351049415,5226.77918294174,"Não","Casa",10,10.7703038502295
216.76606388557,4,99.3863863335049,18.695428544645,5936.54100791203,"Sim","Casa",12,13.2924277939503
256.773675868796,5,90.6192474150547,19.7992864633103,6218.26130647288,"Sim","Casa",21,23.2812739747471
261.864879346721,3,133.81556839925,14.7873488554632,5572.89393341689,"Sim","Casa",15,19.2863215127677
315.956921984202,1,181.320457823404,28.9199874320547,8888.17357328011,"Não","Casa",19,22.1106283604329
268.04292739434,3,167.106270161297,23.1699721086756,5678.60447322455,"Não","Casa",10,10.8033858160553
217.061774848064,3,125.135706621741,17.9176816812699,4753.630358579,"Não","Casa",9,10.7307686492814
179.011989037468,2,107.697428420203,22.3169411816874,3725.86417515772,"Não","Casa",9,10.5135363769574
269.819326514542,4,162.461404408257,20.1782411474229,9674.67189993407,"Não","Casa",17,19.4469961903994
261.929050970419,1,156.496490265835,26.8675799189635,6089.37935937044,"Sim","Apartamento",10,14.9496673513552
263.71100916183,3,114.231702934216,27.7785438914671,4040.94042811693,"Sim","Casa",13,14.4892376908241
294.95514760331,5,173.741625832664,28.1410013568136,5610.36364472117,"Sim","Casa",7,10.112100071124
238.390967693092,5,134.059537805031,20.5462123543881,6618.7232330604,"Sim","Casa",10,12.9000458084682
254.97625762685,5,96.4549158814783,23.0877738866588,2162.30971550538,"Sim","Casa",14,19.5245463872795
247.436408306908,6,90.3746496579297,27.7336678730117,2603.96016498856,"Sim","Casa",8,9.76480841869653
158.113444397412,2,98.7031960040329,21.1764425694289,5744.89579978714,"Não","Casa",6,7.21354210003264
206.911068388816,5,133.276536199029,20.0442951237433,6329.97809168063,"Não","Apartamento",8,8.67571746448447
230.823135098461,5,107.033929762424,24.9890060908123,2941.11665545585,"Não","Casa",9,8.99728949957318
220.867997717473,1,105.123531335479,24.265566124742,8173.2027626248,"Sim","Apartamento",10,11.5475354327102
177.818218721274,5,85.1968655166815,23.0879187846913,7970.58650546172,"Não","Apartamento",5,5.11030685876825
283.808847394925,1,162.902538545562,19.7492750520568,11678.2373798361,"Sim","Casa",13,14.8260100626403
221.238418062032,2,120.109425772076,25.4915561027376,6002.22223383653,"Não","Casa",7,8.95925367396729
232.658585954678,1,149.579254427495,16.1536755487947,4252.74294674266,"Não","Apartamento",10,11.3292450004496
163.179259828925,1,98.9890880359182,25.8059307800754,2963.13932986069,"Não","Apartamento",3,-1.52068200809831
238.74174734548,2,87.2535135256767,18.4665637424074,7052.60996065872,"Sim","Casa",16,18.8865031827183
271.146685164355,4,80.44812982581,26.0232290463076,8803.78029342591,"Sim","Casa",9,11.0823564282724
233.982445450424,6,133.755165876219,25.6631113800722,7800.42980363833,"Não","Casa",9,10.6939924159372
287.613736296221,5,112.00433206482,21.5416549909059,5753.29604769682,"Sim","Apartamento",11,13.5015167255508
224.69582606991,2,97.668340185708,25.3251796056273,2897.39571101916,"Não","Casa",6,6.52448239337652
235.206944411213,2,142.986359745415,19.8040898319781,5107.85644967172,"Sim","Casa",10,13.4285582781336
195.361260891324,2,120.835542704645,29.1674897346865,-267.466229972542,"Não","Casa",6,6.69159039680891
149.419100589189,6,93.4071415271576,17.9557247011476,5123.80053585135,"Não","Casa",11,12.5118847985899
203.200143476011,6,67.0355720154329,25.1948529055152,5406.14953107183,"Sim","Casa",9,12.1871137733129
255.160846347466,4,147.914306674529,22.0411715017096,1830.31754186184,"Não","Casa",9,12.5891798369411
